"year","name","flow","sd","upp50","lwr50","upp80","lwr80","source_name","source"
2011,"Austria",195632.910957615,7645.37521179104,198101.656340863,183123.27114667,200063.310962263,181213.719647993,"Estimate","Estimate"
2011,"Belgium",289916.029742477,12425.5756647215,296724.89865367,274990.113004269,301649.410144034,269303.532222283,"Estimate","Estimate"
2011,"Bulgaria",457496.639686659,17806.9085041178,463018.437924393,428517.643773302,467591.626977516,423262.640335151,"Estimate","Estimate"
2011,"Croatia",254144.241694277,9694.92409853731,257366.384664586,238230.29298244,259706.806083235,235951.520685602,"Estimate","Estimate"
2011,"Cyprus",87065.5393539721,3457.78974661225,88365.0584994607,81748.9623997049,89417.07963822,80544.6384825837,"Estimate","Estimate"
2011,"Czechia",182810.059428185,157660.444988353,266760.705726384,138742.813723811,418896.464687253,109502.535095565,"Estimate","Estimate"
2011,"Denmark",86630.1333209549,3293.36706702575,88040.5496368074,81522.7398785559,88964.5706293491,80614.9862177407,"Estimate","Estimate"
2011,"Estonia",56782.6106188405,2264.25381486596,57633.6454855434,53335.9633854388,58447.4339322005,52637.0625729102,"Estimate","Estimate"
2011,"Finland",152752.359977356,6037.78831557634,155283.986495739,143484.522428269,156689.29029554,141711.121458664,"Estimate","Estimate"
2011,"France",797237.815643735,34839.1408340646,816692.710529756,763640.833291817,832225.066585577,739250.167570039,"Estimate","Estimate"
2011,"Germany",1389931.32187492,54429.5659013475,1410487.72183489,1309571.11314461,1428474.71449896,1289396.43540426,"Estimate","Estimate"
2011,"Greece",236716.807988515,9354.19498106703,240638.882478904,222353.408365105,243890.988229844,219580.55369554,"Estimate","Estimate"
2011,"Hungary",218122.53550864,8492.18347957917,221765.763949406,205614.208793952,224676.395876517,202919.622419377,"Estimate","Estimate"
2011,"Ireland",328442.51232837,13017.5486925621,334634.430234787,309117.697053106,338107.464622642,304971.208021148,"Estimate","Estimate"
2011,"Italy",771240.31939854,31532.4579539616,786225.978975273,728057.498625886,797388.433647878,716052.772404412,"Estimate","Estimate"
2011,"Latvia",118508.606912337,5507.55080158209,121723.005416273,113290.146238052,124552.317967462,109555.895986614,"Estimate","Estimate"
2011,"Lithuania",214705.673839261,9547.85381534168,220679.600246807,206477.363510988,225118.168769166,199768.66780933,"Estimate","Estimate"
2011,"Luxembourg",40099.3067578695,1836.72165685733,41173.3295424571,38438.1720859388,41959.2389656527,37215.9521285239,"Estimate","Estimate"
2011,"Malta",28610.2930007449,1281.07747454777,29300.0872478232,27010.1495595462,29996.1078934381,26516.1111952478,"Estimate","Estimate"
2011,"Netherlands",312962.247901356,16236.3295946304,323484.548272801,301806.542697227,334029.868048222,293099.615352282,"Estimate","Estimate"
2011,"Poland",2350527.35409795,90858.9140566372,2383870.2824446,2217066.36707081,2409812.32706917,2177982.60315917,"Estimate","Estimate"
2011,"Portugal",873805.669284855,33850.8489047126,887180.119303599,821807.287335563,898079.022483933,811354.240155961,"Estimate","Estimate"
2011,"Romania",2307686.93005062,88459.2793741998,2337213.87104581,2164272.9563791,2361185.72040009,2142056.78051038,"Estimate","Estimate"
2011,"Slovakia",213446.663722389,11874.2780385875,222100.137218492,205986.399652567,229200.657424506,197452.827317546,"Estimate","Estimate"
2011,"Slovenia",62915.9535291681,2363.14181957981,63694.8683949839,59026.5902883963,64443.0232572123,58491.6494957993,"Estimate","Estimate"
2011,"Spain",385533.464699022,15010.9690951108,392636.401875462,365188.953275149,396802.193279887,358620.81621304,"Estimate","Estimate"
2011,"Sweden",132158.734087105,5085.08614781781,133828.879434737,123905.093796095,134992.013672057,122273.923504351,"Estimate","Estimate"
2011,"UK",797857.381735499,42721.1696792361,827853.539494034,769409.904525975,847067.495853556,740384.636739916,"Estimate","Estimate"
2012,"Austria",188396.787744956,24381.1774102942,204659.145456855,169085.302554366,220523.576513452,160006.553682071,"Estimate","Estimate"
2012,"Belgium",296099.008211806,26150.0388345489,313059.626630092,279947.817815163,332346.943815898,265874.25239037,"Estimate","Estimate"
2012,"Bulgaria",494164.667934049,34729.0375616783,519587.454709846,472497.516314179,541534.57292281,453253.236134277,"Estimate","Estimate"
2012,"Croatia",254060.935978687,29584.0177939204,272249.705993155,232674.464205756,294239.779943252,218748.426977631,"Estimate","Estimate"
2012,"Cyprus",84282.9254080943,11316.8331591525,92196.8787280076,77295.7063923498,99954.9775809459,70975.1723884665,"Estimate","Estimate"
2012,"Czechia",218765.250615261,128029.443272931,296380.03054124,179467.371721248,431957.624567897,150134.352739996,"Estimate","Estimate"
2012,"Denmark",90656.7142872378,7287.12353987841,95109.4291685574,85077.5847790981,100266.895809266,81766.2819816373,"Estimate","Estimate"
2012,"Estonia",62694.5442775056,4702.81711882551,65632.2763302976,59160.5207604282,69041.5003409067,56871.4263033448,"Estimate","Estimate"
2012,"Finland",152641.462389934,14501.678309551,161910.441326625,142151.848579129,173286.061018746,134728.330213525,"Estimate","Estimate"
2012,"France",814020.742424415,52934.2574583463,849869.838397841,774890.631222588,883449.462456908,749397.462466397,"Estimate","Estimate"
2012,"Germany",1367500.17302653,89966.5572601953,1435290.99842004,1303204.10144314,1496282.9301108,1258532.62824577,"Estimate","Estimate"
2012,"Greece",163721.386380868,17043.3246852499,175964.675013784,151858.904601777,186905.47967437,143445.69871497,"Estimate","Estimate"
2012,"Hungary",238873.621928562,20390.1987362257,250625.036568281,225025.682699766,266436.967850588,216114.289105908,"Estimate","Estimate"
2012,"Ireland",302926.650644178,49376.3975439224,334482.912903314,272617.406887169,369320.814119796,246100.267840784,"Estimate","Estimate"
2012,"Italy",794102.637567396,73539.5562584754,842377.987182315,745108.478253644,886536.878735341,704509.927835951,"Estimate","Estimate"
2012,"Latvia",124073.706612456,15071.3223455565,134868.175122778,115404.394672219,146476.518733782,108520.601820531,"Estimate","Estimate"
2012,"Lithuania",228721.573122132,24238.7880466132,245426.301564865,213608.311661871,262599.491150837,204374.925490297,"Estimate","Estimate"
2012,"Luxembourg",42473.2065760034,3754.78017940927,45271.3963353652,39956.5522846887,48228.3734888099,37762.3820522667,"Estimate","Estimate"
2012,"Malta",27173.226452505,4795.72879783212,30260.4530709194,23926.9093020095,34705.1124039683,21314.8923396401,"Estimate","Estimate"
2012,"Netherlands",328154.168927868,25457.6975693498,345265.533794804,311212.337864383,363913.539056204,297789.345673508,"Estimate","Estimate"
2012,"Poland",2371070.65050021,251822.303703918,2520752.27464897,2196623.48135858,2679409.31990474,2067209.33082669,"Estimate","Estimate"
2012,"Portugal",859106.630856176,110779.884622363,935682.034795972,786937.414543827,1012378.12712459,734364.034300408,"Estimate","Estimate"
2012,"Romania",2540855.46135056,184348.513363532,2679038.17093283,2430114.53479328,2790609.93666046,2327270.37871497,"Estimate","Estimate"
2012,"Slovakia",239142.926201493,21309.9877135375,254153.224305591,225804.723442811,266357.223779955,212673.564440802,"Estimate","Estimate"
2012,"Slovenia",57811.0774039263,5506.87692025595,61742.0237351512,54181.3035476784,65665.918735308,51038.5626382203,"Estimate","Estimate"
2012,"Spain",392554.738946972,36556.993409857,417181.2875894,367623.173136882,442079.424805228,352235.431653379,"Estimate","Estimate"
2012,"Sweden",137423.44135425,9799.89913632841,144215.903795845,130980.375080631,152128.647496129,126114.464120236,"Estimate","Estimate"
2012,"UK",815361.473489614,64628.058045435,856206.574329949,767718.850819798,902951.64349029,735337.895484615,"Estimate","Estimate"
2013,"Austria",182843.14514985,30976.6268963933,202270.729975594,163159.529717792,226555.187377721,148873.661434719,"Estimate","Estimate"
2013,"Belgium",299192.323763652,31067.769746036,320368.516178112,282709.857656519,342051.467040473,266788.035465156,"Estimate","Estimate"
2013,"Bulgaria",533749.870663717,44161.3135016786,560330.859777772,510158.129877242,589032.095270008,483214.789321865,"Estimate","Estimate"
2013,"Croatia",262842.424578244,38150.7618086655,288097.127628494,241747.869084902,319611.154495793,221618.111370425,"Estimate","Estimate"
2013,"Cyprus",83140.8829607182,14655.3681952286,93510.4949573863,75635.4971333547,104704.135375212,67400.9601867131,"Estimate","Estimate"
2013,"Czechia",253012.840341268,105382.519661014,310516.452105443,205436.950394178,411584.725010524,180492.765913407,"Estimate","Estimate"
2013,"Denmark",93914.4193154294,8392.74799329259,99988.7286795338,88646.8400817735,105161.235303474,84223.8854079565,"Estimate","Estimate"
2013,"Estonia",70156.2262758199,6305.15011415446,75270.0864639063,66450.9190380297,79023.263062673,63754.8622972324,"Estimate","Estimate"
2013,"Finland",154751.508113531,15242.8877512818,165957.341647733,144644.795648177,175444.702975809,138737.858953468,"Estimate","Estimate"
2013,"France",832293.805537065,56112.9030844589,871284.96008215,798120.890569342,905710.419316006,767309.755149653,"Estimate","Estimate"
2013,"Germany",1373839.59979999,102854.502250801,1449057.66900221,1306583.87241741,1523345.41399613,1252612.60316184,"Estimate","Estimate"
2013,"Greece",129557.61980364,12569.0671922694,138455.974382127,121991.811655267,146478.260651625,114118.697889317,"Estimate","Estimate"
2013,"Hungary",265563.020781898,28218.851673654,282943.729792184,247832.962178159,304135.70804707,232292.869802787,"Estimate","Estimate"
2013,"Ireland",292407.473168888,58181.5908956849,327822.521078793,254938.416723465,372009.034533529,227467.680218101,"Estimate","Estimate"
2013,"Italy",802772.449550716,94736.2331729856,873738.487470494,745927.309748379,938348.150541184,709057.598522044,"Estimate","Estimate"
2013,"Latvia",130129.926488994,16924.5240755099,142070.869183437,120098.688688593,153763.04012204,112476.087243605,"Estimate","Estimate"
2013,"Lithuania",246454.112575285,31655.7174619598,268978.70305353,226073.754013282,290758.866399142,212075.751439783,"Estimate","Estimate"
2013,"Luxembourg",45004.7149302009,5052.90086462332,48457.4730561081,41884.4221595519,52244.1765211282,39292.8502920414,"Estimate","Estimate"
2013,"Malta",26066.5562101271,6322.15033646255,30425.4984792511,22638.5084589576,36160.8514258344,20037.273292122,"Estimate","Estimate"
2013,"Netherlands",338045.769541937,31838.3265181635,360269.659153222,318529.687855743,378438.185969753,302604.151716101,"Estimate","Estimate"
2013,"Poland",2415424.43363073,309589.18511531,2592443.72079425,2198950.60163981,2816575.27609478,2068596.04389197,"Estimate","Estimate"
2013,"Portugal",841042.861218009,129234.101904025,933620.83846393,767242.991428738,1023817.61509843,697686.305213925,"Estimate","Estimate"
2013,"Romania",2728861.64021733,202312.336185043,2867046.06557746,2604377.85045768,3011931.39507374,2486535.13316162,"Estimate","Estimate"
2013,"Slovakia",268159.779651937,25773.42700139,284936.404650757,251933.353803041,301296.961776923,235442.255288479,"Estimate","Estimate"
2013,"Slovenia",58057.4284165676,7734.95614324655,63629.0476738904,53617.6101602468,68023.5645805069,48573.8975457398,"Estimate","Estimate"
2013,"Spain",406379.175381089,42988.2344051108,433534.50119251,381110.016529337,464764.325133388,361363.450796014,"Estimate","Estimate"
2013,"Sweden",144080.413890078,12060.697558055,152272.839711733,136511.468137847,160937.341815189,129995.396429006,"Estimate","Estimate"
2013,"UK",812258.353234783,65833.2492959015,858078.495249413,773397.03788235,904898.201352471,747282.607689787,"Estimate","Estimate"
2014,"Austria",177872.223390662,32001.0432126441,198930.883687443,160477.092777782,225453.771728729,146735.739029452,"Estimate","Estimate"
2014,"Belgium",305822.933380767,30026.8164702965,323861.387949121,287291.773498578,346771.486747892,270619.809760488,"Estimate","Estimate"
2014,"Bulgaria",561427.172345247,52947.3592592496,601852.329742336,527691.768071763,636957.122255278,500709.258013877,"Estimate","Estimate"
2014,"Croatia",268236.874403088,39872.1786644287,297579.477847694,244272.221261568,323645.082380805,223630.932514738,"Estimate","Estimate"
2014,"Cyprus",82441.5362993019,14846.3637303476,92662.4051996487,73119.7757378139,105132.735803046,66044.122281943,"Estimate","Estimate"
2014,"Czechia",258607.040965772,85537.8377024711,321885.802556301,222500.960264031,389765.475219981,196774.358971826,"Estimate","Estimate"
2014,"Denmark",97545.7548086948,9414.95206576551,103809.603058766,91508.8700330039,109074.389388576,87432.6766824489,"Estimate","Estimate"
2014,"Estonia",78953.4563638752,7793.13980393878,83868.4082055825,74205.0372796621,90338.9721073516,70534.5138037918,"Estimate","Estimate"
2014,"Finland",155917.488393961,15456.3089097943,165717.171635642,145929.53509766,176477.123255734,138130.298301809,"Estimate","Estimate"
2014,"France",851830.860141457,57141.9132139352,893670.520913492,816596.807622027,930692.17751472,781279.003068032,"Estimate","Estimate"
2014,"Germany",1395350.42388537,94555.2426101805,1444843.41026853,1333068.86012421,1508025.11666904,1271101.53042228,"Estimate","Estimate"
2014,"Greece",111423.65922291,8973.51303249314,116518.381141316,104577.481633481,122726.905386779,99317.8399437988,"Estimate","Estimate"
2014,"Hungary",290725.659014971,37994.9614577895,316427.01823179,269479.721643394,342481.205449032,250882.970453241,"Estimate","Estimate"
2014,"Ireland",279523.125843253,55757.7096433337,320999.827859016,243917.790483591,359953.613649743,216481.840451847,"Estimate","Estimate"
2014,"Italy",834735.459412723,94668.5478713986,902443.83208437,774128.138282293,962247.904556359,722133.450685085,"Estimate","Estimate"
2014,"Latvia",135700.263490262,19391.0599057845,150129.623879511,126206.937094098,166766.327356868,116137.941569304,"Estimate","Estimate"
2014,"Lithuania",257861.014296663,35993.4757857438,283154.063839892,236796.866537112,308192.919744798,219830.449519653,"Estimate","Estimate"
2014,"Luxembourg",47709.7676251918,5446.10933018385,51867.2698023,44033.7389176523,54822.7576626842,41168.0062549889,"Estimate","Estimate"
2014,"Malta",24552.8350829358,7118.69111907746,29978.2019193056,21336.0884124434,37016.0396867182,18842.2368737995,"Estimate","Estimate"
2014,"Netherlands",344255.106434162,29628.5145283505,365412.028623408,324860.180093929,383280.947123395,306527.030723285,"Estimate","Estimate"
2014,"Poland",2453392.5902343,335240.677228619,2680820.57873794,2219339.30514331,2906251.41466383,2061282.65912184,"Estimate","Estimate"
2014,"Portugal",833009.128807934,123490.542574208,917781.620441848,751955.489813626,1005945.65014064,693568.392713835,"Estimate","Estimate"
2014,"Romania",2896628.58699806,212792.05829422,3043013.13960948,2756912.25796255,3203151.2175461,2659240.97575576,"Estimate","Estimate"
2014,"Slovakia",287517.416459791,31399.695548334,307548.428534373,266656.540236524,333010.350061285,253331.574331469,"Estimate","Estimate"
2014,"Slovenia",60004.4741147741,8758.19471274795,65803.6128731205,54551.4553310277,72294.6904355336,51028.8882673788,"Estimate","Estimate"
2014,"Spain",416851.459079585,46068.0957462257,449474.668215052,390910.112645286,488861.934454137,370421.180226352,"Estimate","Estimate"
2014,"Sweden",152495.402889159,14231.687402379,160973.184746726,143158.995603096,170367.522953456,134386.254266983,"Estimate","Estimate"
2014,"UK",805666.691691346,66014.0712840804,854309.753257638,767106.489455899,899637.44764357,729563.456089422,"Estimate","Estimate"
2015,"Austria",172358.963622035,28004.0723252656,190886.984212959,158437.400005163,215949.369830634,145602.583634921,"Estimate","Estimate"
2015,"Belgium",311078.802289686,28958.2052953595,330650.576091902,291908.038806411,350441.457681248,276157.910804516,"Estimate","Estimate"
2015,"Bulgaria",605591.685542692,57940.2131629619,649966.083498954,570077.170551155,688904.022308291,544094.563464936,"Estimate","Estimate"
2015,"Croatia",272923.362997483,39854.2033252874,298128.381915512,248266.162993798,328152.922732395,228758.863818148,"Estimate","Estimate"
2015,"Cyprus",80259.7775337979,13982.3284181887,90241.3771171186,73114.9268054908,103185.872614134,66076.8200783126,"Estimate","Estimate"
2015,"Czechia",264511.629936979,73086.1260524878,317496.342062159,229773.288919494,380494.236572058,200818.183005702,"Estimate","Estimate"
2015,"Denmark",99469.4327904179,11236.4932107263,107309.994686849,92151.0883709555,113092.046985045,85799.0380263165,"Estimate","Estimate"
2015,"Estonia",87324.7402210534,8452.11520068118,93277.5357954196,82132.1482434518,98748.5677017844,76552.5701756074,"Estimate","Estimate"
2015,"Finland",158728.370290907,13656.1698281422,167906.215992013,149241.811966807,176092.47656099,142678.130133838,"Estimate","Estimate"
2015,"France",869683.082914388,55652.7111593809,908698.899122789,830350.183958561,939171.158614955,801388.638082029,"Estimate","Estimate"
2015,"Germany",1384168.0731739,78107.3823622917,1433140.87721016,1336090.65537731,1481134.9949254,1289509.95693709,"Estimate","Estimate"
2015,"Greece",100744.445162822,7453.11810346808,105785.861138143,95502.1103388853,110456.73595308,91963.0432262132,"Estimate","Estimate"
2015,"Hungary",321316.371018592,40798.4024044511,348156.540854722,295433.427806463,381090.172243451,277554.934481214,"Estimate","Estimate"
2015,"Ireland",265375.332752639,45240.8296722202,296738.7329293,239136.841097563,332565.392949656,217828.556508641,"Estimate","Estimate"
2015,"Italy",855323.956073114,91987.6328823286,913519.371413482,797511.698518336,986762.695110223,753837.34364995,"Estimate","Estimate"
2015,"Latvia",144005.608325523,16589.399193034,154864.424727875,133557.172549696,167360.008466088,127398.93164493,"Estimate","Estimate"
2015,"Lithuania",271285.496281177,29975.862798905,290429.186729585,252641.210933128,315785.364115331,239371.546182512,"Estimate","Estimate"
2015,"Luxembourg",50607.7342278657,5989.5437190844,54426.0375069213,47323.2222003202,59406.2319282967,44368.0803331873,"Estimate","Estimate"
2015,"Malta",23722.0434495179,7028.94724269995,28934.8768672383,20229.5209736668,34842.4586511359,17164.6493528831,"Estimate","Estimate"
2015,"Netherlands",349410.963908122,28344.6194382787,368204.432223592,332035.084575512,384804.680969687,315881.537357321,"Estimate","Estimate"
2015,"Poland",2480824.58311921,297281.367493684,2684181.04255101,2296114.50387067,2852415.01768348,2117773.0782124,"Estimate","Estimate"
2015,"Portugal",819322.652971806,103781.341502841,891876.104132792,760525.389478715,988962.791567286,718643.729839537,"Estimate","Estimate"
2015,"Romania",3138926.34321028,228500.125989218,3299231.91617011,2992199.91277835,3427476.15417242,2822257.53780858,"Estimate","Estimate"
2015,"Slovakia",306277.782461887,38184.5219130945,335546.885035327,285079.842199087,360374.183840442,261609.993287545,"Estimate","Estimate"
2015,"Slovenia",62196.8028489421,10220.4031831817,68514.2465810194,56148.670392243,77633.9851978677,52341.9021725925,"Estimate","Estimate"
2015,"Spain",434190.286113592,41949.1975806931,465916.257363905,410230.4058776,491678.856070717,386283.925658332,"Estimate","Estimate"
2015,"Sweden",158266.05022449,15511.6844801233,167581.44534217,148195.490400823,180144.82936311,141607.673876632,"Estimate","Estimate"
2015,"UK",791954.801375489,58042.0152093703,833171.001640719,754541.669840944,879581.145836061,720023.028264965,"Estimate","Estimate"
2016,"Austria",170349.29888739,20873.1141666611,183046.607704222,155347.857864533,197101.994878931,146865.655835279,"Estimate","Estimate"
2016,"Belgium",319677.558338733,19610.5907692137,330571.828299663,308569.142665384,342634.951094415,292165.509131661,"Estimate","Estimate"
2016,"Bulgaria",663364.406161044,56426.94012181,699079.698747291,626828.821156451,745699.490876739,602983.568530616,"Estimate","Estimate"
2016,"Croatia",289586.392092931,32917.9778693724,310197.422191366,267436.209345532,331318.998494273,250189.634639381,"Estimate","Estimate"
2016,"Cyprus",79918.9273349488,9293.13681166634,85911.0014944565,74855.6383928141,92199.1301036305,71297.9864269628,"Estimate","Estimate"
2016,"Czechia",281254.415152333,62550.9636825651,320280.838930636,241828.175826529,367480.587068307,211254.548738238,"Estimate","Estimate"
2016,"Denmark",100144.36010125,10930.0409095649,107993.97217274,93132.1239341823,116493.676421617,87807.4904282194,"Estimate","Estimate"
2016,"Estonia",92985.6635106378,8502.32034582406,98916.256565765,87825.4338765171,104912.495606009,83797.9102939302,"Estimate","Estimate"
2016,"Finland",159882.438709312,9618.08057578416,167351.991876323,153707.708718365,172226.668970547,147861.742263629,"Estimate","Estimate"
2016,"France",870132.269970531,40663.5727109962,898653.114811084,846903.521014386,929558.134141983,823145.635056437,"Estimate","Estimate"
2016,"Germany",1364212.22800627,45338.0123710117,1390332.76011386,1336931.62536272,1421059.37231333,1306623.40508641,"Estimate","Estimate"
2016,"Greece",93432.9105254397,6593.58381841949,97730.1919765919,89262.727797985,101914.770139894,85592.4712218857,"Estimate","Estimate"
2016,"Hungary",342081.138592453,37767.3504543095,369413.092725157,319797.394872108,401337.261204764,300344.652321345,"Estimate","Estimate"
2016,"Ireland",252337.131527472,15543.6440149257,261166.214382856,240511.746152817,270622.9951035,232490.899130834,"Estimate","Estimate"
2016,"Italy",885116.811640558,66233.9207403105,934055.376085659,845080.650434584,979149.812111368,808647.822618284,"Estimate","Estimate"
2016,"Latvia",152524.731051407,9321.1707031756,158536.523487108,146056.717018747,165752.909397818,141689.80899756,"Estimate","Estimate"
2016,"Lithuania",289473.917289104,14532.9738312769,298415.513933139,279127.420147417,306131.201862334,270570.89180396,"Estimate","Estimate"
2016,"Luxembourg",53662.1208541206,5532.79247170823,57652.513472184,50756.0207299724,61281.8507163458,47831.5819389777,"Estimate","Estimate"
2016,"Malta",23326.7739988274,6895.91991117965,27847.3703471594,19349.1070985137,33321.71301838,16689.1609631737,"Estimate","Estimate"
2016,"Netherlands",348875.644704873,22155.386230541,365164.501051044,335201.4045719,381393.871367543,323865.9604895,"Estimate","Estimate"
2016,"Poland",2470570.57203736,232687.731947507,2642286.66662879,2325503.57622201,2785941.8722946,2211845.1726174,"Estimate","Estimate"
2016,"Portugal",836839.22949315,63964.6797333407,873832.507197711,803098.021942152,910050.654238783,738562.766782488,"Estimate","Estimate"
2016,"Romania",3443596.88043454,163913.912101589,3551096.0182117,3320705.15635779,3647175.36887135,3228437.98930465,"Estimate","Estimate"
2016,"Slovakia",330831.298295652,35356.5852719572,353932.61309819,304535.936868029,377575.23767606,285195.996071073,"Estimate","Estimate"
2016,"Slovenia",64446.9149112204,12013.5400293886,73140.3733020365,58671.6480031891,81327.3297724695,54750.2594589162,"Estimate","Estimate"
2016,"Spain",461600.058969373,30779.2977821049,481775.722397624,441712.886031014,499146.623728573,418984.126338212,"Estimate","Estimate"
2016,"Sweden",164140.814271232,16956.5504136986,172436.567297814,154845.792514659,188033.425140699,146064.2305499,"Estimate","Estimate"
2016,"UK",761075.723930074,40867.7690345843,788105.747997722,733615.855614823,814350.600513189,709958.607372755,"Estimate","Estimate"
2017,"Austria",165386.37517596,11306.8208828937,172943.40201231,156593.83670324,179761.410093249,151374.34124141,"Estimate","Estimate"
2017,"Belgium",318641.051734857,22040.4834558239,332350.193496671,304484.928776082,343932.608087907,288141.330106695,"Estimate","Estimate"
2017,"Bulgaria",694663.495423282,58081.1592161717,741089.910846559,662446.36980833,785816.0159507,638285.379804922,"Estimate","Estimate"
2017,"Croatia",294326.308704015,20484.4177446607,306871.052486435,277292.673013084,320680.427178121,266548.414615021,"Estimate","Estimate"
2017,"Cyprus",71202.0695236293,8577.47850054223,76904.3703094497,67010.2102236191,83320.5493323264,63410.5912777706,"Estimate","Estimate"
2017,"Czechia",290094.205169083,54873.6132545273,323551.483465212,252260.380527032,360168.782165391,229231.918255696,"Estimate","Estimate"
2017,"Denmark",100822.867435276,11680.5939919403,107157.241184033,93494.4187350083,116752.917526908,87323.5344622776,"Estimate","Estimate"
2017,"Estonia",96121.8691271635,8923.82831741959,101601.08154713,89845.9306973076,107313.675440588,85191.9578940725,"Estimate","Estimate"
2017,"Finland",146419.191981318,9974.43547682641,152570.754150634,140007.045303445,158729.363415126,135286.060770722,"Estimate","Estimate"
2017,"France",866705.921217852,46301.7070527085,895756.451616596,830873.778505446,927782.822328006,804842.992614775,"Estimate","Estimate"
2017,"Germany",1361294.85100613,48676.7490650293,1385717.09343914,1330537.95199729,1415720.74990994,1285491.61365347,"Estimate","Estimate"
2017,"Greece",92979.6998641057,5979.46844069048,96867.1948155783,89602.4256798206,101423.510386082,85982.4240462192,"Estimate","Estimate"
2017,"Hungary",369626.093021595,36640.6070173411,395184.19802658,349167.701603753,424235.377673521,328061.730225579,"Estimate","Estimate"
2017,"Ireland",251685.158157564,17339.198624011,263218.242665097,239685.578977366,275574.707182631,228780.728311249,"Estimate","Estimate"
2017,"Italy",880757.643542993,45993.7623816126,907668.113586005,839807.724676243,925848.424765376,805816.989398661,"Estimate","Estimate"
2017,"Latvia",158841.014016796,19648.1255486657,171444.850712441,145928.522817901,184748.940257269,138241.148499261,"Estimate","Estimate"
2017,"Lithuania",293520.229479258,16507.2261931775,301627.355537379,274777.627318619,309742.798301832,265924.997819555,"Estimate","Estimate"
2017,"Luxembourg",55501.0728821989,4737.69871312371,59206.8048712195,52599.7757346427,62507.8218156861,50327.0957850836,"Estimate","Estimate"
2017,"Malta",22463.5779196115,7145.16833593139,27424.0460123642,18802.8012382422,32797.1061887519,16653.7807019955,"Estimate","Estimate"
2017,"Netherlands",352651.34737235,19590.1730132646,367139.032671245,339764.572214556,379357.08048256,329470.756970361,"Estimate","Estimate"
2017,"Poland",2475069.47933055,140810.241907703,2547225.90658669,2297990.91037443,2603062.89239344,2239873.73518997,"Estimate","Estimate"
2017,"Portugal",830784.115028704,72407.3347505583,872466.96654591,791314.003610245,923435.665890119,732292.458712808,"Estimate","Estimate"
2017,"Romania",3411197.70897778,159648.560057397,3516032.33053712,3306844.86944407,3623016.47268732,3214334.85107697,"Estimate","Estimate"
2017,"Slovakia",349882.910298535,39006.8050186023,379213.780647436,326545.643728054,404694.071713662,312941.309983136,"Estimate","Estimate"
2017,"Slovenia",65189.9896361498,11411.6985755936,74041.8061952922,59691.3817055328,82298.3447302998,55272.2864931424,"Estimate","Estimate"
2017,"Spain",468249.583332335,29889.5745403461,485447.685330533,451199.948043787,503214.592599525,420310.015987848,"Estimate","Estimate"
2017,"Sweden",165581.630888079,18355.2954953914,177243.517074461,155426.208926739,193047.244231995,149527.867977658,"Estimate","Estimate"
2017,"UK",747326.415650491,47214.9281358947,776415.758386245,717805.796244421,800225.826860887,675908.066966133,"Estimate","Estimate"
2018,"Austria",165124.47783293,19440.4832256443,178702.102905982,152376.74488918,190804.567278591,143863.319968408,"Estimate","Estimate"
2018,"Belgium",306282.376084147,29504.6711278843,325646.215290084,286203.91758879,343356.053387311,263779.035273894,"Estimate","Estimate"
2018,"Bulgaria",682556.043830535,71595.3336447661,718873.028092849,636533.276333621,780251.505736827,603360.495365041,"Estimate","Estimate"
2018,"Croatia",289621.044886549,37024.0767458921,318354.616292325,266401.866196433,342073.675783868,245611.104904636,"Estimate","Estimate"
2018,"Cyprus",72180.3598612238,11173.5661642831,78909.2233416705,64555.4463284752,86563.5717771995,58597.0572930442,"Estimate","Estimate"
2018,"Czechia",289741.679607048,49871.8907744542,323922.564762596,261451.537143969,359372.609203406,241520.664263122,"Estimate","Estimate"
2018,"Denmark",104393.310902981,12115.8753933762,111862.319094712,96520.7241344362,120372.460934997,89909.6275438772,"Estimate","Estimate"
2018,"Estonia",99556.4866531163,10349.3324387438,106141.615402697,93253.134560707,114378.722016136,88245.8863873962,"Estimate","Estimate"
2018,"Finland",142944.965270688,14760.3633839479,153516.712561377,134646.226714858,164845.42319917,125951.907557842,"Estimate","Estimate"
2018,"France",879210.449637276,67718.5611071044,933767.541338696,836704.123177139,980511.444912138,807097.942932423,"Estimate","Estimate"
2018,"Germany",1253611.03275459,78146.3688881307,1306416.22839106,1201932.08669027,1346894.87788735,1144418.28386229,"Estimate","Estimate"
2018,"Greece",93299.6251184347,5887.1009376353,96683.3160797189,89255.7248249448,100452.019235376,84839.2160114942,"Estimate","Estimate"
2018,"Hungary",405211.869858198,52063.8725108643,441756.440035142,377478.291539236,480680.313003226,350047.332635255,"Estimate","Estimate"
2018,"Ireland",244223.95534168,38676.9912248576,271949.642751167,218654.80683236,302481.13215903,202890.471038313,"Estimate","Estimate"
2018,"Italy",956511.19675311,91396.3941234305,1015526.42971939,899593.439590663,1075481.44486991,839797.548338138,"Estimate","Estimate"
2018,"Latvia",163253.093645683,23905.1181368472,180827.223350045,148690.908089282,195812.330586757,139071.077332859,"Estimate","Estimate"
2018,"Lithuania",296216.723275522,35298.7908565125,318010.995069644,275384.902583035,341875.471080396,254276.52619804,"Estimate","Estimate"
2018,"Luxembourg",57099.5051630427,6478.36829461473,61273.484183756,53434.3385309703,66092.4397831227,50140.7404968497,"Estimate","Estimate"
2018,"Malta",21994.1419216127,6269.13886549904,26487.6732312136,18989.9900370193,31297.038418522,16590.702395988,"Estimate","Estimate"
2018,"Netherlands",358418.367521671,28646.8765862165,381941.347337308,340809.552508624,402120.839116827,326658.669769546,"Estimate","Estimate"
2018,"Poland",2465296.47475472,273144.428792521,2622914.02941505,2270848.53662489,2816839.56893093,2090313.91776561,"Estimate","Estimate"
2018,"Portugal",829025.442875091,109585.497025431,909740.187710439,765541.267114459,987862.286613838,716559.202182119,"Estimate","Estimate"
2018,"Romania",3162512.80334312,250895.844865921,3333836.39319028,2995060.84134801,3477307.65944216,2853926.5270242,"Estimate","Estimate"
2018,"Slovakia",370666.30348578,40987.3852631157,397239.571365524,340899.182896102,425593.816335894,321996.622813768,"Estimate","Estimate"
2018,"Slovenia",67171.3533414618,10981.0038223381,73978.3851910367,60598.7029740653,82892.5083799868,54865.2366981021,"Estimate","Estimate"
2018,"Spain",503187.071025238,52765.498393025,531804.676168342,464904.274785415,570302.779450453,436290.211664996,"Estimate","Estimate"
2018,"Sweden",169194.244835446,20201.44060299,182239.13490075,158483.585721867,197788.66813809,151192.366121526,"Estimate","Estimate"
2018,"UK",782019.298499801,63551.473699025,821084.293022082,742745.465512216,870010.508665586,702977.479399339,"Estimate","Estimate"
2019,"Austria",166006.436047914,26534.6935797017,182695.901241826,150869.733021629,205962.041671886,138029.015580251,"Estimate","Estimate"
2019,"Belgium",305343.960304775,39784.0759602915,331033.983679981,282958.348212476,354028.441308135,255694.599164269,"Estimate","Estimate"
2019,"Bulgaria",698967.344304577,91738.4427113429,762605.445497197,638521.932787419,813892.662230753,596118.8608562,"Estimate","Estimate"
2019,"Croatia",292298.581431649,49081.1772281188,331185.239092439,262649.340740865,363309.452640708,238239.486981475,"Estimate","Estimate"
2019,"Cyprus",72088.2975813198,14226.6572031207,83292.094617418,63386.4503877806,92319.3370693087,56513.3939039385,"Estimate","Estimate"
2019,"Czechia",293537.884651155,52828.5082852175,330159.819414757,261184.956932276,376157.075476223,235325.360590834,"Estimate","Estimate"
2019,"Denmark",107015.23727266,15890.1777279362,118607.260414235,97393.0946758886,130111.469199665,89121.8833173954,"Estimate","Estimate"
2019,"Estonia",103936.432197114,15230.5429396659,114199.163446247,95033.1416353381,124361.292295821,87515.7239467115,"Estimate","Estimate"
2019,"Finland",139235.695291884,20996.3498265057,156274.932106005,125008.708984599,168560.647197861,115258.245746404,"Estimate","Estimate"
2019,"France",864456.959054748,96835.833070849,928229.29427698,806725.173616872,987599.585920725,758063.643269641,"Estimate","Estimate"
2019,"Germany",1154214.52701336,102248.58406478,1217940.86594774,1093024.46085498,1289466.13788083,1032084.25208585,"Estimate","Estimate"
2019,"Greece",89689.3577016884,8687.43327122729,96144.1721965744,85336.5052379314,101479.245886865,80233.3055706604,"Estimate","Estimate"
2019,"Hungary",425304.956774491,65941.1339447641,472724.29938362,382326.774921589,513240.733078433,351133.394976452,"Estimate","Estimate"
2019,"Ireland",241468.528229997,52326.8703891252,272224.377558146,212423.833239127,314683.489772597,186802.1521466,"Estimate","Estimate"
2019,"Italy",999901.604648517,134593.845258139,1086234.59820428,915264.239666737,1167942.45887905,849165.678191423,"Estimate","Estimate"
2019,"Latvia",169232.030333386,30994.2331209959,190734.058122993,154229.858943458,214107.59424978,140764.416907359,"Estimate","Estimate"
2019,"Lithuania",302035.677280497,47199.2525658448,338692.512883478,275130.534843604,371143.046874755,251746.178642277,"Estimate","Estimate"
2019,"Luxembourg",60975.046258579,9004.90079244446,66930.778305784,54651.5693041951,72637.9792419916,50586.9701139601,"Estimate","Estimate"
2019,"Malta",23119.1672427136,7225.71113167985,27452.7486020632,19862.1709890333,31632.1200673939,17648.8453678255,"Estimate","Estimate"
2019,"Netherlands",369703.329052909,42829.0415691128,396973.246529307,337658.23700674,422255.504852911,318415.153826331,"Estimate","Estimate"
2019,"Poland",2393927.43601686,375441.974068871,2643443.0568211,2162688.53674328,2881451.29441692,1968871.75336608,"Estimate","Estimate"
2019,"Portugal",829110.411769326,142686.107231898,919705.151150444,736335.520445218,1017268.71876189,670253.182826884,"Estimate","Estimate"
2019,"Romania",2991223.2083551,381773.072062711,3255188.4584577,2728332.71974164,3506608.01045024,2527673.54824487,"Estimate","Estimate"
2019,"Slovakia",370088.511362823,61945.3116500928,421333.30691227,340790.655847387,465817.999192466,309694.783559473,"Estimate","Estimate"
2019,"Slovenia",67898.368554783,12611.2730362901,78101.7836061854,61322.2708873739,85566.7848051448,55078.7743825813,"Estimate","Estimate"
2019,"Spain",529378.368657091,69639.2721270914,572938.957980897,492926.37610281,620485.323478268,448312.188207946,"Estimate","Estimate"
2019,"Sweden",173128.978748903,23799.6039083389,187459.743396071,161850.869755149,206666.803395038,150602.551928335,"Estimate","Estimate"
2019,"UK",793015.543047544,88027.1467757633,852355.21249609,739134.30959113,908566.951246411,686317.623086985,"Estimate","Estimate"
2011,"Austria",NA,NA,NA,NA,NA,NA,"LFS","LFS"
2011,"Austria",172282,NA,NA,NA,NA,NA,"census","Census"
2011,"Austria",28110,NA,NA,NA,NA,NA,"eurostat","Eurostat"
2011,"Austria",NA,NA,NA,NA,NA,NA,"fbdau","fbdau"
2011,"Austria",NA,NA,NA,NA,NA,NA,"fbmau","fbmau"
2011,"Belgium",NA,NA,NA,NA,NA,NA,"LFS","LFS"
2011,"Belgium",236007,NA,NA,NA,NA,NA,"census","Census"
2011,"Belgium",114199,NA,NA,NA,NA,NA,"eurostat","Eurostat"
2011,"Belgium",NA,NA,NA,NA,NA,NA,"fbdau","fbdau"
2011,"Belgium",NA,NA,NA,NA,NA,NA,"fbmau","fbmau"
2011,"Bulgaria",NA,NA,NA,NA,NA,NA,"LFS","LFS"
2011,"Bulgaria",387773,NA,NA,NA,NA,NA,"census","Census"
2011,"Bulgaria",229537,NA,NA,NA,NA,NA,"eurostat","Eurostat"
2011,"Bulgaria",NA,NA,NA,NA,NA,NA,"fbdau","fbdau"
2011,"Bulgaria",NA,NA,NA,NA,NA,NA,"fbmau","fbmau"
2011,"Croatia",NA,NA,NA,NA,NA,NA,"LFS","LFS"
2011,"Croatia",233370,NA,NA,NA,NA,NA,"census","Census"
2011,"Croatia",63612,NA,NA,NA,NA,NA,"eurostat","Eurostat"
2011,"Croatia",NA,NA,NA,NA,NA,NA,"fbdau","fbdau"
2011,"Croatia",NA,NA,NA,NA,NA,NA,"fbmau","fbmau"
2011,"Cyprus",NA,NA,NA,NA,NA,NA,"LFS","LFS"
2011,"Cyprus",79781,NA,NA,NA,NA,NA,"census","Census"
2011,"Cyprus",2438,NA,NA,NA,NA,NA,"eurostat","Eurostat"
2011,"Cyprus",NA,NA,NA,NA,NA,NA,"fbdau","fbdau"
2011,"Cyprus",NA,NA,NA,NA,NA,NA,"fbmau","fbmau"
2011,"Czechia",NA,NA,NA,NA,NA,NA,"LFS","LFS"
2011,"Czechia",NA,NA,NA,NA,NA,NA,"census","Census"
2011,"Czechia",27936,NA,NA,NA,NA,NA,"eurostat","Eurostat"
2011,"Czechia",NA,NA,NA,NA,NA,NA,"fbdau","fbdau"
2011,"Czechia",NA,NA,NA,NA,NA,NA,"fbmau","fbmau"
2011,"Denmark",NA,NA,NA,NA,NA,NA,"LFS","LFS"
2011,"Denmark",75152,NA,NA,NA,NA,NA,"census","Census"
2011,"Denmark",44983,NA,NA,NA,NA,NA,"eurostat","Eurostat"
2011,"Denmark",NA,NA,NA,NA,NA,NA,"fbdau","fbdau"
2011,"Denmark",NA,NA,NA,NA,NA,NA,"fbmau","fbmau"
2011,"Estonia",NA,NA,NA,NA,NA,NA,"LFS","LFS"
2011,"Estonia",49450,NA,NA,NA,NA,NA,"census","Census"
2011,"Estonia",31869,NA,NA,NA,NA,NA,"eurostat","Eurostat"
2011,"Estonia",NA,NA,NA,NA,NA,NA,"fbdau","fbdau"
2011,"Estonia",NA,NA,NA,NA,NA,NA,"fbmau","fbmau"
2011,"Finland",NA,NA,NA,NA,NA,NA,"LFS","LFS"
2011,"Finland",136314,NA,NA,NA,NA,NA,"census","Census"
2011,"Finland",121996,NA,NA,NA,NA,NA,"eurostat","Eurostat"
2011,"Finland",NA,NA,NA,NA,NA,NA,"fbdau","fbdau"
2011,"Finland",NA,NA,NA,NA,NA,NA,"fbmau","fbmau"
2011,"France",NA,NA,NA,NA,NA,NA,"LFS","LFS"
2011,"France",599275,NA,NA,NA,NA,NA,"census","Census"
2011,"France",441597,NA,NA,NA,NA,NA,"eurostat","Eurostat"
2011,"France",NA,NA,NA,NA,NA,NA,"fbdau","fbdau"
2011,"France",NA,NA,NA,NA,NA,NA,"fbmau","fbmau"
2011,"Germany",NA,NA,NA,NA,NA,NA,"LFS","LFS"
2011,"Germany",1131702,NA,NA,NA,NA,NA,"census","Census"
2011,"Germany",579111,NA,NA,NA,NA,NA,"eurostat","Eurostat"
2011,"Germany",NA,NA,NA,NA,NA,NA,"fbdau","fbdau"
2011,"Germany",NA,NA,NA,NA,NA,NA,"fbmau","fbmau"
2011,"Greece",NA,NA,NA,NA,NA,NA,"LFS","LFS"
2011,"Greece",201923,NA,NA,NA,NA,NA,"census","Census"
2011,"Greece",42606,NA,NA,NA,NA,NA,"eurostat","Eurostat"
2011,"Greece",NA,NA,NA,NA,NA,NA,"fbdau","fbdau"
2011,"Greece",NA,NA,NA,NA,NA,NA,"fbmau","fbmau"
2011,"Hungary",NA,NA,NA,NA,NA,NA,"LFS","LFS"
2011,"Hungary",183565,NA,NA,NA,NA,NA,"census","Census"
2011,"Hungary",52490,NA,NA,NA,NA,NA,"eurostat","Eurostat"
2011,"Hungary",NA,NA,NA,NA,NA,NA,"fbdau","fbdau"
2011,"Hungary",NA,NA,NA,NA,NA,NA,"fbmau","fbmau"
2011,"Ireland",NA,NA,NA,NA,NA,NA,"LFS","LFS"
2011,"Ireland",298334,NA,NA,NA,NA,NA,"census","Census"
2011,"Ireland",23709,NA,NA,NA,NA,NA,"eurostat","Eurostat"
2011,"Ireland",NA,NA,NA,NA,NA,NA,"fbdau","fbdau"
2011,"Ireland",NA,NA,NA,NA,NA,NA,"fbmau","fbmau"
2011,"Italy",NA,NA,NA,NA,NA,NA,"LFS","LFS"
2011,"Italy",627067,NA,NA,NA,NA,NA,"census","Census"
2011,"Italy",187079,NA,NA,NA,NA,NA,"eurostat","Eurostat"
2011,"Italy",NA,NA,NA,NA,NA,NA,"fbdau","fbdau"
2011,"Italy",NA,NA,NA,NA,NA,NA,"fbmau","fbmau"
2011,"Latvia",NA,NA,NA,NA,NA,NA,"LFS","LFS"
2011,"Latvia",91503,NA,NA,NA,NA,NA,"census","Census"
2011,"Latvia",30874,NA,NA,NA,NA,NA,"eurostat","Eurostat"
2011,"Latvia",NA,NA,NA,NA,NA,NA,"fbdau","fbdau"
2011,"Latvia",NA,NA,NA,NA,NA,NA,"fbmau","fbmau"
2011,"Lithuania",NA,NA,NA,NA,NA,NA,"LFS","LFS"
2011,"Lithuania",168708,NA,NA,NA,NA,NA,"census","Census"
2011,"Lithuania",69412,NA,NA,NA,NA,NA,"eurostat","Eurostat"
2011,"Lithuania",NA,NA,NA,NA,NA,NA,"fbdau","fbdau"
2011,"Lithuania",NA,NA,NA,NA,NA,NA,"fbmau","fbmau"
2011,"Luxembourg",NA,NA,NA,NA,NA,NA,"LFS","LFS"
2011,"Luxembourg",30153,NA,NA,NA,NA,NA,"census","Census"
2011,"Luxembourg",12525,NA,NA,NA,NA,NA,"eurostat","Eurostat"
2011,"Luxembourg",NA,NA,NA,NA,NA,NA,"fbdau","fbdau"
2011,"Luxembourg",NA,NA,NA,NA,NA,NA,"fbmau","fbmau"
2011,"Malta",NA,NA,NA,NA,NA,NA,"LFS","LFS"
2011,"Malta",25380,NA,NA,NA,NA,NA,"census","Census"
2011,"Malta",2627,NA,NA,NA,NA,NA,"eurostat","Eurostat"
2011,"Malta",NA,NA,NA,NA,NA,NA,"fbdau","fbdau"
2011,"Malta",NA,NA,NA,NA,NA,NA,"fbmau","fbmau"
2011,"Netherlands",NA,NA,NA,NA,NA,NA,"LFS","LFS"
2011,"Netherlands",209611,NA,NA,NA,NA,NA,"census","Census"
2011,"Netherlands",149219,NA,NA,NA,NA,NA,"eurostat","Eurostat"
2011,"Netherlands",NA,NA,NA,NA,NA,NA,"fbdau","fbdau"
2011,"Netherlands",NA,NA,NA,NA,NA,NA,"fbmau","fbmau"
2011,"Poland",NA,NA,NA,NA,NA,NA,"LFS","LFS"
2011,"Poland",1965146,NA,NA,NA,NA,NA,"census","Census"
2011,"Poland",499854,NA,NA,NA,NA,NA,"eurostat","Eurostat"
2011,"Poland",NA,NA,NA,NA,NA,NA,"fbdau","fbdau"
2011,"Poland",NA,NA,NA,NA,NA,NA,"fbmau","fbmau"
2011,"Portugal",NA,NA,NA,NA,NA,NA,"LFS","LFS"
2011,"Portugal",774704,NA,NA,NA,NA,NA,"census","Census"
2011,"Portugal",158741,NA,NA,NA,NA,NA,"eurostat","Eurostat"
2011,"Portugal",NA,NA,NA,NA,NA,NA,"fbdau","fbdau"
2011,"Portugal",NA,NA,NA,NA,NA,NA,"fbmau","fbmau"
2011,"Romania",NA,NA,NA,NA,NA,NA,"LFS","LFS"
2011,"Romania",2073327,NA,NA,NA,NA,NA,"census","Census"
2011,"Romania",1684829,NA,NA,NA,NA,NA,"eurostat","Eurostat"
2011,"Romania",NA,NA,NA,NA,NA,NA,"fbdau","fbdau"
2011,"Romania",NA,NA,NA,NA,NA,NA,"fbmau","fbmau"
2011,"Slovakia",NA,NA,NA,NA,NA,NA,"LFS","LFS"
2011,"Slovakia",136132,NA,NA,NA,NA,NA,"census","Census"
2011,"Slovakia",87187,NA,NA,NA,NA,NA,"eurostat","Eurostat"
2011,"Slovakia",NA,NA,NA,NA,NA,NA,"fbdau","fbdau"
2011,"Slovakia",NA,NA,NA,NA,NA,NA,"fbmau","fbmau"
2011,"Slovenia",NA,NA,NA,NA,NA,NA,"LFS","LFS"
2011,"Slovenia",57939,NA,NA,NA,NA,NA,"census","Census"
2011,"Slovenia",5142,NA,NA,NA,NA,NA,"eurostat","Eurostat"
2011,"Slovenia",NA,NA,NA,NA,NA,NA,"fbdau","fbdau"
2011,"Slovenia",NA,NA,NA,NA,NA,NA,"fbmau","fbmau"
2011,"Spain",NA,NA,NA,NA,NA,NA,"LFS","LFS"
2011,"Spain",313738,NA,NA,NA,NA,NA,"census","Census"
2011,"Spain",81149,NA,NA,NA,NA,NA,"eurostat","Eurostat"
2011,"Spain",NA,NA,NA,NA,NA,NA,"fbdau","fbdau"
2011,"Spain",NA,NA,NA,NA,NA,NA,"fbmau","fbmau"
2011,"Sweden",NA,NA,NA,NA,NA,NA,"LFS","LFS"
2011,"Sweden",114528,NA,NA,NA,NA,NA,"census","Census"
2011,"Sweden",71239,NA,NA,NA,NA,NA,"eurostat","Eurostat"
2011,"Sweden",NA,NA,NA,NA,NA,NA,"fbdau","fbdau"
2011,"Sweden",NA,NA,NA,NA,NA,NA,"fbmau","fbmau"
2011,"UK",NA,NA,NA,NA,NA,NA,"LFS","LFS"
2011,"UK",523508,NA,NA,NA,NA,NA,"census","Census"
2011,"UK",553925,NA,NA,NA,NA,NA,"eurostat","Eurostat"
2011,"UK",NA,NA,NA,NA,NA,NA,"fbdau","fbdau"
2011,"UK",NA,NA,NA,NA,NA,NA,"fbmau","fbmau"
2012,"Austria",NA,NA,NA,NA,NA,NA,"LFS","LFS"
2012,"Austria",NA,NA,NA,NA,NA,NA,"census","Census"
2012,"Austria",29208,NA,NA,NA,NA,NA,"eurostat","Eurostat"
2012,"Austria",NA,NA,NA,NA,NA,NA,"fbdau","fbdau"
2012,"Austria",NA,NA,NA,NA,NA,NA,"fbmau","fbmau"
2012,"Belgium",NA,NA,NA,NA,NA,NA,"LFS","LFS"
2012,"Belgium",NA,NA,NA,NA,NA,NA,"census","Census"
2012,"Belgium",115377,NA,NA,NA,NA,NA,"eurostat","Eurostat"
2012,"Belgium",NA,NA,NA,NA,NA,NA,"fbdau","fbdau"
2012,"Belgium",NA,NA,NA,NA,NA,NA,"fbmau","fbmau"
2012,"Bulgaria",NA,NA,NA,NA,NA,NA,"LFS","LFS"
2012,"Bulgaria",NA,NA,NA,NA,NA,NA,"census","Census"
2012,"Bulgaria",249090,NA,NA,NA,NA,NA,"eurostat","Eurostat"
2012,"Bulgaria",NA,NA,NA,NA,NA,NA,"fbdau","fbdau"
2012,"Bulgaria",NA,NA,NA,NA,NA,NA,"fbmau","fbmau"
2012,"Croatia",NA,NA,NA,NA,NA,NA,"LFS","LFS"
2012,"Croatia",NA,NA,NA,NA,NA,NA,"census","Census"
2012,"Croatia",93319,NA,NA,NA,NA,NA,"eurostat","Eurostat"
2012,"Croatia",NA,NA,NA,NA,NA,NA,"fbdau","fbdau"
2012,"Croatia",NA,NA,NA,NA,NA,NA,"fbmau","fbmau"
2012,"Cyprus",NA,NA,NA,NA,NA,NA,"LFS","LFS"
2012,"Cyprus",NA,NA,NA,NA,NA,NA,"census","Census"
2012,"Cyprus",2659,NA,NA,NA,NA,NA,"eurostat","Eurostat"
2012,"Cyprus",NA,NA,NA,NA,NA,NA,"fbdau","fbdau"
2012,"Cyprus",NA,NA,NA,NA,NA,NA,"fbmau","fbmau"
2012,"Czechia",NA,NA,NA,NA,NA,NA,"LFS","LFS"
2012,"Czechia",NA,NA,NA,NA,NA,NA,"census","Census"
2012,"Czechia",94252,NA,NA,NA,NA,NA,"eurostat","Eurostat"
2012,"Czechia",NA,NA,NA,NA,NA,NA,"fbdau","fbdau"
2012,"Czechia",NA,NA,NA,NA,NA,NA,"fbmau","fbmau"
2012,"Denmark",NA,NA,NA,NA,NA,NA,"LFS","LFS"
2012,"Denmark",NA,NA,NA,NA,NA,NA,"census","Census"
2012,"Denmark",44449,NA,NA,NA,NA,NA,"eurostat","Eurostat"
2012,"Denmark",NA,NA,NA,NA,NA,NA,"fbdau","fbdau"
2012,"Denmark",NA,NA,NA,NA,NA,NA,"fbmau","fbmau"
2012,"Estonia",NA,NA,NA,NA,NA,NA,"LFS","LFS"
2012,"Estonia",NA,NA,NA,NA,NA,NA,"census","Census"
2012,"Estonia",36518,NA,NA,NA,NA,NA,"eurostat","Eurostat"
2012,"Estonia",NA,NA,NA,NA,NA,NA,"fbdau","fbdau"
2012,"Estonia",NA,NA,NA,NA,NA,NA,"fbmau","fbmau"
2012,"Finland",NA,NA,NA,NA,NA,NA,"LFS","LFS"
2012,"Finland",NA,NA,NA,NA,NA,NA,"census","Census"
2012,"Finland",117287,NA,NA,NA,NA,NA,"eurostat","Eurostat"
2012,"Finland",NA,NA,NA,NA,NA,NA,"fbdau","fbdau"
2012,"Finland",NA,NA,NA,NA,NA,NA,"fbmau","fbmau"
2012,"France",NA,NA,NA,NA,NA,NA,"LFS","LFS"
2012,"France",NA,NA,NA,NA,NA,NA,"census","Census"
2012,"France",441732,NA,NA,NA,NA,NA,"eurostat","Eurostat"
2012,"France",NA,NA,NA,NA,NA,NA,"fbdau","fbdau"
2012,"France",NA,NA,NA,NA,NA,NA,"fbmau","fbmau"
2012,"Germany",NA,NA,NA,NA,NA,NA,"LFS","LFS"
2012,"Germany",NA,NA,NA,NA,NA,NA,"census","Census"
2012,"Germany",727051,NA,NA,NA,NA,NA,"eurostat","Eurostat"
2012,"Germany",NA,NA,NA,NA,NA,NA,"fbdau","fbdau"
2012,"Germany",NA,NA,NA,NA,NA,NA,"fbmau","fbmau"
2012,"Greece",NA,NA,NA,NA,NA,NA,"LFS","LFS"
2012,"Greece",NA,NA,NA,NA,NA,NA,"census","Census"
2012,"Greece",46619,NA,NA,NA,NA,NA,"eurostat","Eurostat"
2012,"Greece",NA,NA,NA,NA,NA,NA,"fbdau","fbdau"
2012,"Greece",NA,NA,NA,NA,NA,NA,"fbmau","fbmau"
2012,"Hungary",NA,NA,NA,NA,NA,NA,"LFS","LFS"
2012,"Hungary",NA,NA,NA,NA,NA,NA,"census","Census"
2012,"Hungary",75761,NA,NA,NA,NA,NA,"eurostat","Eurostat"
2012,"Hungary",NA,NA,NA,NA,NA,NA,"fbdau","fbdau"
2012,"Hungary",NA,NA,NA,NA,NA,NA,"fbmau","fbmau"
2012,"Ireland",NA,NA,NA,NA,NA,NA,"LFS","LFS"
2012,"Ireland",NA,NA,NA,NA,NA,NA,"census","Census"
2012,"Ireland",25198,NA,NA,NA,NA,NA,"eurostat","Eurostat"
2012,"Ireland",NA,NA,NA,NA,NA,NA,"fbdau","fbdau"
2012,"Ireland",NA,NA,NA,NA,NA,NA,"fbmau","fbmau"
2012,"Italy",NA,NA,NA,NA,NA,NA,"LFS","LFS"
2012,"Italy",NA,NA,NA,NA,NA,NA,"census","Census"
2012,"Italy",196559,NA,NA,NA,NA,NA,"eurostat","Eurostat"
2012,"Italy",NA,NA,NA,NA,NA,NA,"fbdau","fbdau"
2012,"Italy",NA,NA,NA,NA,NA,NA,"fbmau","fbmau"
2012,"Latvia",NA,NA,NA,NA,NA,NA,"LFS","LFS"
2012,"Latvia",NA,NA,NA,NA,NA,NA,"census","Census"
2012,"Latvia",15262,NA,NA,NA,NA,NA,"eurostat","Eurostat"
2012,"Latvia",NA,NA,NA,NA,NA,NA,"fbdau","fbdau"
2012,"Latvia",NA,NA,NA,NA,NA,NA,"fbmau","fbmau"
2012,"Lithuania",NA,NA,NA,NA,NA,NA,"LFS","LFS"
2012,"Lithuania",NA,NA,NA,NA,NA,NA,"census","Census"
2012,"Lithuania",52048,NA,NA,NA,NA,NA,"eurostat","Eurostat"
2012,"Lithuania",NA,NA,NA,NA,NA,NA,"fbdau","fbdau"
2012,"Lithuania",NA,NA,NA,NA,NA,NA,"fbmau","fbmau"
2012,"Luxembourg",NA,NA,NA,NA,NA,NA,"LFS","LFS"
2012,"Luxembourg",NA,NA,NA,NA,NA,NA,"census","Census"
2012,"Luxembourg",13133,NA,NA,NA,NA,NA,"eurostat","Eurostat"
2012,"Luxembourg",NA,NA,NA,NA,NA,NA,"fbdau","fbdau"
2012,"Luxembourg",NA,NA,NA,NA,NA,NA,"fbmau","fbmau"
2012,"Malta",NA,NA,NA,NA,NA,NA,"LFS","LFS"
2012,"Malta",NA,NA,NA,NA,NA,NA,"census","Census"
2012,"Malta",2404,NA,NA,NA,NA,NA,"eurostat","Eurostat"
2012,"Malta",NA,NA,NA,NA,NA,NA,"fbdau","fbdau"
2012,"Malta",NA,NA,NA,NA,NA,NA,"fbmau","fbmau"
2012,"Netherlands",NA,NA,NA,NA,NA,NA,"LFS","LFS"
2012,"Netherlands",NA,NA,NA,NA,NA,NA,"census","Census"
2012,"Netherlands",151889,NA,NA,NA,NA,NA,"eurostat","Eurostat"
2012,"Netherlands",NA,NA,NA,NA,NA,NA,"fbdau","fbdau"
2012,"Netherlands",NA,NA,NA,NA,NA,NA,"fbmau","fbmau"
2012,"Poland",NA,NA,NA,NA,NA,NA,"LFS","LFS"
2012,"Poland",NA,NA,NA,NA,NA,NA,"census","Census"
2012,"Poland",461526,NA,NA,NA,NA,NA,"eurostat","Eurostat"
2012,"Poland",NA,NA,NA,NA,NA,NA,"fbdau","fbdau"
2012,"Poland",NA,NA,NA,NA,NA,NA,"fbmau","fbmau"
2012,"Portugal",NA,NA,NA,NA,NA,NA,"LFS","LFS"
2012,"Portugal",NA,NA,NA,NA,NA,NA,"census","Census"
2012,"Portugal",157823,NA,NA,NA,NA,NA,"eurostat","Eurostat"
2012,"Portugal",NA,NA,NA,NA,NA,NA,"fbdau","fbdau"
2012,"Portugal",NA,NA,NA,NA,NA,NA,"fbmau","fbmau"
2012,"Romania",NA,NA,NA,NA,NA,NA,"LFS","LFS"
2012,"Romania",NA,NA,NA,NA,NA,NA,"census","Census"
2012,"Romania",1894078,NA,NA,NA,NA,NA,"eurostat","Eurostat"
2012,"Romania",NA,NA,NA,NA,NA,NA,"fbdau","fbdau"
2012,"Romania",NA,NA,NA,NA,NA,NA,"fbmau","fbmau"
2012,"Slovakia",NA,NA,NA,NA,NA,NA,"LFS","LFS"
2012,"Slovakia",NA,NA,NA,NA,NA,NA,"census","Census"
2012,"Slovakia",115627,NA,NA,NA,NA,NA,"eurostat","Eurostat"
2012,"Slovakia",NA,NA,NA,NA,NA,NA,"fbdau","fbdau"
2012,"Slovakia",NA,NA,NA,NA,NA,NA,"fbmau","fbmau"
2012,"Slovenia",NA,NA,NA,NA,NA,NA,"LFS","LFS"
2012,"Slovenia",NA,NA,NA,NA,NA,NA,"census","Census"
2012,"Slovenia",15514,NA,NA,NA,NA,NA,"eurostat","Eurostat"
2012,"Slovenia",NA,NA,NA,NA,NA,NA,"fbdau","fbdau"
2012,"Slovenia",NA,NA,NA,NA,NA,NA,"fbmau","fbmau"
2012,"Spain",NA,NA,NA,NA,NA,NA,"LFS","LFS"
2012,"Spain",NA,NA,NA,NA,NA,NA,"census","Census"
2012,"Spain",79088,NA,NA,NA,NA,NA,"eurostat","Eurostat"
2012,"Spain",NA,NA,NA,NA,NA,NA,"fbdau","fbdau"
2012,"Spain",NA,NA,NA,NA,NA,NA,"fbmau","fbmau"
2012,"Sweden",NA,NA,NA,NA,NA,NA,"LFS","LFS"
2012,"Sweden",NA,NA,NA,NA,NA,NA,"census","Census"
2012,"Sweden",73180,NA,NA,NA,NA,NA,"eurostat","Eurostat"
2012,"Sweden",NA,NA,NA,NA,NA,NA,"fbdau","fbdau"
2012,"Sweden",NA,NA,NA,NA,NA,NA,"fbmau","fbmau"
2012,"UK",NA,NA,NA,NA,NA,NA,"LFS","LFS"
2012,"UK",NA,NA,NA,NA,NA,NA,"census","Census"
2012,"UK",362935,NA,NA,NA,NA,NA,"eurostat","Eurostat"
2012,"UK",NA,NA,NA,NA,NA,NA,"fbdau","fbdau"
2012,"UK",NA,NA,NA,NA,NA,NA,"fbmau","fbmau"
2013,"Austria",NA,NA,NA,NA,NA,NA,"LFS","LFS"
2013,"Austria",NA,NA,NA,NA,NA,NA,"census","Census"
2013,"Austria",29163,NA,NA,NA,NA,NA,"eurostat","Eurostat"
2013,"Austria",NA,NA,NA,NA,NA,NA,"fbdau","fbdau"
2013,"Austria",NA,NA,NA,NA,NA,NA,"fbmau","fbmau"
2013,"Belgium",NA,NA,NA,NA,NA,NA,"LFS","LFS"
2013,"Belgium",NA,NA,NA,NA,NA,NA,"census","Census"
2013,"Belgium",116646,NA,NA,NA,NA,NA,"eurostat","Eurostat"
2013,"Belgium",NA,NA,NA,NA,NA,NA,"fbdau","fbdau"
2013,"Belgium",NA,NA,NA,NA,NA,NA,"fbmau","fbmau"
2013,"Bulgaria",NA,NA,NA,NA,NA,NA,"LFS","LFS"
2013,"Bulgaria",NA,NA,NA,NA,NA,NA,"census","Census"
2013,"Bulgaria",251986,NA,NA,NA,NA,NA,"eurostat","Eurostat"
2013,"Bulgaria",NA,NA,NA,NA,NA,NA,"fbdau","fbdau"
2013,"Bulgaria",NA,NA,NA,NA,NA,NA,"fbmau","fbmau"
2013,"Croatia",NA,NA,NA,NA,NA,NA,"LFS","LFS"
2013,"Croatia",NA,NA,NA,NA,NA,NA,"census","Census"
2013,"Croatia",92028,NA,NA,NA,NA,NA,"eurostat","Eurostat"
2013,"Croatia",NA,NA,NA,NA,NA,NA,"fbdau","fbdau"
2013,"Croatia",NA,NA,NA,NA,NA,NA,"fbmau","fbmau"
2013,"Cyprus",NA,NA,NA,NA,NA,NA,"LFS","LFS"
2013,"Cyprus",NA,NA,NA,NA,NA,NA,"census","Census"
2013,"Cyprus",2753,NA,NA,NA,NA,NA,"eurostat","Eurostat"
2013,"Cyprus",NA,NA,NA,NA,NA,NA,"fbdau","fbdau"
2013,"Cyprus",NA,NA,NA,NA,NA,NA,"fbmau","fbmau"
2013,"Czechia",NA,NA,NA,NA,NA,NA,"LFS","LFS"
2013,"Czechia",NA,NA,NA,NA,NA,NA,"census","Census"
2013,"Czechia",91268,NA,NA,NA,NA,NA,"eurostat","Eurostat"
2013,"Czechia",NA,NA,NA,NA,NA,NA,"fbdau","fbdau"
2013,"Czechia",NA,NA,NA,NA,NA,NA,"fbmau","fbmau"
2013,"Denmark",NA,NA,NA,NA,NA,NA,"LFS","LFS"
2013,"Denmark",NA,NA,NA,NA,NA,NA,"census","Census"
2013,"Denmark",43778,NA,NA,NA,NA,NA,"eurostat","Eurostat"
2013,"Denmark",NA,NA,NA,NA,NA,NA,"fbdau","fbdau"
2013,"Denmark",NA,NA,NA,NA,NA,NA,"fbmau","fbmau"
2013,"Estonia",NA,NA,NA,NA,NA,NA,"LFS","LFS"
2013,"Estonia",NA,NA,NA,NA,NA,NA,"census","Census"
2013,"Estonia",41322,NA,NA,NA,NA,NA,"eurostat","Eurostat"
2013,"Estonia",NA,NA,NA,NA,NA,NA,"fbdau","fbdau"
2013,"Estonia",NA,NA,NA,NA,NA,NA,"fbmau","fbmau"
2013,"Finland",NA,NA,NA,NA,NA,NA,"LFS","LFS"
2013,"Finland",NA,NA,NA,NA,NA,NA,"census","Census"
2013,"Finland",113343,NA,NA,NA,NA,NA,"eurostat","Eurostat"
2013,"Finland",NA,NA,NA,NA,NA,NA,"fbdau","fbdau"
2013,"Finland",NA,NA,NA,NA,NA,NA,"fbmau","fbmau"
2013,"France",NA,NA,NA,NA,NA,NA,"LFS","LFS"
2013,"France",NA,NA,NA,NA,NA,NA,"census","Census"
2013,"France",445294,NA,NA,NA,NA,NA,"eurostat","Eurostat"
2013,"France",NA,NA,NA,NA,NA,NA,"fbdau","fbdau"
2013,"France",NA,NA,NA,NA,NA,NA,"fbmau","fbmau"
2013,"Germany",NA,NA,NA,NA,NA,NA,"LFS","LFS"
2013,"Germany",NA,NA,NA,NA,NA,NA,"census","Census"
2013,"Germany",735276,NA,NA,NA,NA,NA,"eurostat","Eurostat"
2013,"Germany",NA,NA,NA,NA,NA,NA,"fbdau","fbdau"
2013,"Germany",NA,NA,NA,NA,NA,NA,"fbmau","fbmau"
2013,"Greece",NA,NA,NA,NA,NA,NA,"LFS","LFS"
2013,"Greece",NA,NA,NA,NA,NA,NA,"census","Census"
2013,"Greece",52246,NA,NA,NA,NA,NA,"eurostat","Eurostat"
2013,"Greece",NA,NA,NA,NA,NA,NA,"fbdau","fbdau"
2013,"Greece",NA,NA,NA,NA,NA,NA,"fbmau","fbmau"
2013,"Hungary",NA,NA,NA,NA,NA,NA,"LFS","LFS"
2013,"Hungary",NA,NA,NA,NA,NA,NA,"census","Census"
2013,"Hungary",84093,NA,NA,NA,NA,NA,"eurostat","Eurostat"
2013,"Hungary",NA,NA,NA,NA,NA,NA,"fbdau","fbdau"
2013,"Hungary",NA,NA,NA,NA,NA,NA,"fbmau","fbmau"
2013,"Ireland",NA,NA,NA,NA,NA,NA,"LFS","LFS"
2013,"Ireland",NA,NA,NA,NA,NA,NA,"census","Census"
2013,"Ireland",25886,NA,NA,NA,NA,NA,"eurostat","Eurostat"
2013,"Ireland",NA,NA,NA,NA,NA,NA,"fbdau","fbdau"
2013,"Ireland",NA,NA,NA,NA,NA,NA,"fbmau","fbmau"
2013,"Italy",NA,NA,NA,NA,NA,NA,"LFS","LFS"
2013,"Italy",NA,NA,NA,NA,NA,NA,"census","Census"
2013,"Italy",204425,NA,NA,NA,NA,NA,"eurostat","Eurostat"
2013,"Italy",NA,NA,NA,NA,NA,NA,"fbdau","fbdau"
2013,"Italy",NA,NA,NA,NA,NA,NA,"fbmau","fbmau"
2013,"Latvia",NA,NA,NA,NA,NA,NA,"LFS","LFS"
2013,"Latvia",NA,NA,NA,NA,NA,NA,"census","Census"
2013,"Latvia",19936,NA,NA,NA,NA,NA,"eurostat","Eurostat"
2013,"Latvia",NA,NA,NA,NA,NA,NA,"fbdau","fbdau"
2013,"Latvia",NA,NA,NA,NA,NA,NA,"fbmau","fbmau"
2013,"Lithuania",NA,NA,NA,NA,NA,NA,"LFS","LFS"
2013,"Lithuania",NA,NA,NA,NA,NA,NA,"census","Census"
2013,"Lithuania",54797,NA,NA,NA,NA,NA,"eurostat","Eurostat"
2013,"Lithuania",NA,NA,NA,NA,NA,NA,"fbdau","fbdau"
2013,"Lithuania",NA,NA,NA,NA,NA,NA,"fbmau","fbmau"
2013,"Luxembourg",NA,NA,NA,NA,NA,NA,"LFS","LFS"
2013,"Luxembourg",NA,NA,NA,NA,NA,NA,"census","Census"
2013,"Luxembourg",13310,NA,NA,NA,NA,NA,"eurostat","Eurostat"
2013,"Luxembourg",NA,NA,NA,NA,NA,NA,"fbdau","fbdau"
2013,"Luxembourg",NA,NA,NA,NA,NA,NA,"fbmau","fbmau"
2013,"Malta",NA,NA,NA,NA,NA,NA,"LFS","LFS"
2013,"Malta",NA,NA,NA,NA,NA,NA,"census","Census"
2013,"Malta",2433,NA,NA,NA,NA,NA,"eurostat","Eurostat"
2013,"Malta",NA,NA,NA,NA,NA,NA,"fbdau","fbdau"
2013,"Malta",NA,NA,NA,NA,NA,NA,"fbmau","fbmau"
2013,"Netherlands",NA,NA,NA,NA,NA,NA,"LFS","LFS"
2013,"Netherlands",NA,NA,NA,NA,NA,NA,"census","Census"
2013,"Netherlands",152198,NA,NA,NA,NA,NA,"eurostat","Eurostat"
2013,"Netherlands",NA,NA,NA,NA,NA,NA,"fbdau","fbdau"
2013,"Netherlands",NA,NA,NA,NA,NA,NA,"fbmau","fbmau"
2013,"Poland",NA,NA,NA,NA,NA,NA,"LFS","LFS"
2013,"Poland",NA,NA,NA,NA,NA,NA,"census","Census"
2013,"Poland",477721,NA,NA,NA,NA,NA,"eurostat","Eurostat"
2013,"Poland",NA,NA,NA,NA,NA,NA,"fbdau","fbdau"
2013,"Poland",NA,NA,NA,NA,NA,NA,"fbmau","fbmau"
2013,"Portugal",NA,NA,NA,NA,NA,NA,"LFS","LFS"
2013,"Portugal",NA,NA,NA,NA,NA,NA,"census","Census"
2013,"Portugal",156395,NA,NA,NA,NA,NA,"eurostat","Eurostat"
2013,"Portugal",NA,NA,NA,NA,NA,NA,"fbdau","fbdau"
2013,"Portugal",NA,NA,NA,NA,NA,NA,"fbmau","fbmau"
2013,"Romania",NA,NA,NA,NA,NA,NA,"LFS","LFS"
2013,"Romania",NA,NA,NA,NA,NA,NA,"census","Census"
2013,"Romania",1893676,NA,NA,NA,NA,NA,"eurostat","Eurostat"
2013,"Romania",NA,NA,NA,NA,NA,NA,"fbdau","fbdau"
2013,"Romania",NA,NA,NA,NA,NA,NA,"fbmau","fbmau"
2013,"Slovakia",NA,NA,NA,NA,NA,NA,"LFS","LFS"
2013,"Slovakia",NA,NA,NA,NA,NA,NA,"census","Census"
2013,"Slovakia",122371,NA,NA,NA,NA,NA,"eurostat","Eurostat"
2013,"Slovakia",NA,NA,NA,NA,NA,NA,"fbdau","fbdau"
2013,"Slovakia",NA,NA,NA,NA,NA,NA,"fbmau","fbmau"
2013,"Slovenia",NA,NA,NA,NA,NA,NA,"LFS","LFS"
2013,"Slovenia",NA,NA,NA,NA,NA,NA,"census","Census"
2013,"Slovenia",15808,NA,NA,NA,NA,NA,"eurostat","Eurostat"
2013,"Slovenia",NA,NA,NA,NA,NA,NA,"fbdau","fbdau"
2013,"Slovenia",NA,NA,NA,NA,NA,NA,"fbmau","fbmau"
2013,"Spain",NA,NA,NA,NA,NA,NA,"LFS","LFS"
2013,"Spain",NA,NA,NA,NA,NA,NA,"census","Census"
2013,"Spain",83637,NA,NA,NA,NA,NA,"eurostat","Eurostat"
2013,"Spain",NA,NA,NA,NA,NA,NA,"fbdau","fbdau"
2013,"Spain",NA,NA,NA,NA,NA,NA,"fbmau","fbmau"
2013,"Sweden",NA,NA,NA,NA,NA,NA,"LFS","LFS"
2013,"Sweden",NA,NA,NA,NA,NA,NA,"census","Census"
2013,"Sweden",73802,NA,NA,NA,NA,NA,"eurostat","Eurostat"
2013,"Sweden",NA,NA,NA,NA,NA,NA,"fbdau","fbdau"
2013,"Sweden",NA,NA,NA,NA,NA,NA,"fbmau","fbmau"
2013,"UK",NA,NA,NA,NA,NA,NA,"LFS","LFS"
2013,"UK",NA,NA,NA,NA,NA,NA,"census","Census"
2013,"UK",359383,NA,NA,NA,NA,NA,"eurostat","Eurostat"
2013,"UK",NA,NA,NA,NA,NA,NA,"fbdau","fbdau"
2013,"UK",NA,NA,NA,NA,NA,NA,"fbmau","fbmau"
2014,"Austria",NA,NA,NA,NA,NA,NA,"LFS","LFS"
2014,"Austria",NA,NA,NA,NA,NA,NA,"census","Census"
2014,"Austria",29348,NA,NA,NA,NA,NA,"eurostat","Eurostat"
2014,"Austria",NA,NA,NA,NA,NA,NA,"fbdau","fbdau"
2014,"Austria",NA,NA,NA,NA,NA,NA,"fbmau","fbmau"
2014,"Belgium",NA,NA,NA,NA,NA,NA,"LFS","LFS"
2014,"Belgium",NA,NA,NA,NA,NA,NA,"census","Census"
2014,"Belgium",116553,NA,NA,NA,NA,NA,"eurostat","Eurostat"
2014,"Belgium",NA,NA,NA,NA,NA,NA,"fbdau","fbdau"
2014,"Belgium",NA,NA,NA,NA,NA,NA,"fbmau","fbmau"
2014,"Bulgaria",NA,NA,NA,NA,NA,NA,"LFS","LFS"
2014,"Bulgaria",NA,NA,NA,NA,NA,NA,"census","Census"
2014,"Bulgaria",251157,NA,NA,NA,NA,NA,"eurostat","Eurostat"
2014,"Bulgaria",NA,NA,NA,NA,NA,NA,"fbdau","fbdau"
2014,"Bulgaria",NA,NA,NA,NA,NA,NA,"fbmau","fbmau"
2014,"Croatia",NA,NA,NA,NA,NA,NA,"LFS","LFS"
2014,"Croatia",NA,NA,NA,NA,NA,NA,"census","Census"
2014,"Croatia",90795,NA,NA,NA,NA,NA,"eurostat","Eurostat"
2014,"Croatia",NA,NA,NA,NA,NA,NA,"fbdau","fbdau"
2014,"Croatia",NA,NA,NA,NA,NA,NA,"fbmau","fbmau"
2014,"Cyprus",NA,NA,NA,NA,NA,NA,"LFS","LFS"
2014,"Cyprus",NA,NA,NA,NA,NA,NA,"census","Census"
2014,"Cyprus",2884,NA,NA,NA,NA,NA,"eurostat","Eurostat"
2014,"Cyprus",NA,NA,NA,NA,NA,NA,"fbdau","fbdau"
2014,"Cyprus",NA,NA,NA,NA,NA,NA,"fbmau","fbmau"
2014,"Czechia",NA,NA,NA,NA,NA,NA,"LFS","LFS"
2014,"Czechia",NA,NA,NA,NA,NA,NA,"census","Census"
2014,"Czechia",89735,NA,NA,NA,NA,NA,"eurostat","Eurostat"
2014,"Czechia",NA,NA,NA,NA,NA,NA,"fbdau","fbdau"
2014,"Czechia",NA,NA,NA,NA,NA,NA,"fbmau","fbmau"
2014,"Denmark",NA,NA,NA,NA,NA,NA,"LFS","LFS"
2014,"Denmark",NA,NA,NA,NA,NA,NA,"census","Census"
2014,"Denmark",42685,NA,NA,NA,NA,NA,"eurostat","Eurostat"
2014,"Denmark",NA,NA,NA,NA,NA,NA,"fbdau","fbdau"
2014,"Denmark",NA,NA,NA,NA,NA,NA,"fbmau","fbmau"
2014,"Estonia",NA,NA,NA,NA,NA,NA,"LFS","LFS"
2014,"Estonia",NA,NA,NA,NA,NA,NA,"census","Census"
2014,"Estonia",46057,NA,NA,NA,NA,NA,"eurostat","Eurostat"
2014,"Estonia",NA,NA,NA,NA,NA,NA,"fbdau","fbdau"
2014,"Estonia",NA,NA,NA,NA,NA,NA,"fbmau","fbmau"
2014,"Finland",NA,NA,NA,NA,NA,NA,"LFS","LFS"
2014,"Finland",NA,NA,NA,NA,NA,NA,"census","Census"
2014,"Finland",107585,NA,NA,NA,NA,NA,"eurostat","Eurostat"
2014,"Finland",NA,NA,NA,NA,NA,NA,"fbdau","fbdau"
2014,"Finland",NA,NA,NA,NA,NA,NA,"fbmau","fbmau"
2014,"France",NA,NA,NA,NA,NA,NA,"LFS","LFS"
2014,"France",NA,NA,NA,NA,NA,NA,"census","Census"
2014,"France",443252,NA,NA,NA,NA,NA,"eurostat","Eurostat"
2014,"France",NA,NA,NA,NA,NA,NA,"fbdau","fbdau"
2014,"France",NA,NA,NA,NA,NA,NA,"fbmau","fbmau"
2014,"Germany",NA,NA,NA,NA,NA,NA,"LFS","LFS"
2014,"Germany",NA,NA,NA,NA,NA,NA,"census","Census"
2014,"Germany",739595,NA,NA,NA,NA,NA,"eurostat","Eurostat"
2014,"Germany",NA,NA,NA,NA,NA,NA,"fbdau","fbdau"
2014,"Germany",NA,NA,NA,NA,NA,NA,"fbmau","fbmau"
2014,"Greece",NA,NA,NA,NA,NA,NA,"LFS","LFS"
2014,"Greece",NA,NA,NA,NA,NA,NA,"census","Census"
2014,"Greece",52660,NA,NA,NA,NA,NA,"eurostat","Eurostat"
2014,"Greece",NA,NA,NA,NA,NA,NA,"fbdau","fbdau"
2014,"Greece",NA,NA,NA,NA,NA,NA,"fbmau","fbmau"
2014,"Hungary",NA,NA,NA,NA,NA,NA,"LFS","LFS"
2014,"Hungary",NA,NA,NA,NA,NA,NA,"census","Census"
2014,"Hungary",92937,NA,NA,NA,NA,NA,"eurostat","Eurostat"
2014,"Hungary",NA,NA,NA,NA,NA,NA,"fbdau","fbdau"
2014,"Hungary",NA,NA,NA,NA,NA,NA,"fbmau","fbmau"
2014,"Ireland",NA,NA,NA,NA,NA,NA,"LFS","LFS"
2014,"Ireland",NA,NA,NA,NA,NA,NA,"census","Census"
2014,"Ireland",25866,NA,NA,NA,NA,NA,"eurostat","Eurostat"
2014,"Ireland",NA,NA,NA,NA,NA,NA,"fbdau","fbdau"
2014,"Ireland",NA,NA,NA,NA,NA,NA,"fbmau","fbmau"
2014,"Italy",NA,NA,NA,NA,NA,NA,"LFS","LFS"
2014,"Italy",NA,NA,NA,NA,NA,NA,"census","Census"
2014,"Italy",210446,NA,NA,NA,NA,NA,"eurostat","Eurostat"
2014,"Italy",NA,NA,NA,NA,NA,NA,"fbdau","fbdau"
2014,"Italy",NA,NA,NA,NA,NA,NA,"fbmau","fbmau"
2014,"Latvia",NA,NA,NA,NA,NA,NA,"LFS","LFS"
2014,"Latvia",NA,NA,NA,NA,NA,NA,"census","Census"
2014,"Latvia",26053,NA,NA,NA,NA,NA,"eurostat","Eurostat"
2014,"Latvia",NA,NA,NA,NA,NA,NA,"fbdau","fbdau"
2014,"Latvia",NA,NA,NA,NA,NA,NA,"fbmau","fbmau"
2014,"Lithuania",NA,NA,NA,NA,NA,NA,"LFS","LFS"
2014,"Lithuania",NA,NA,NA,NA,NA,NA,"census","Census"
2014,"Lithuania",55563,NA,NA,NA,NA,NA,"eurostat","Eurostat"
2014,"Lithuania",NA,NA,NA,NA,NA,NA,"fbdau","fbdau"
2014,"Lithuania",NA,NA,NA,NA,NA,NA,"fbmau","fbmau"
2014,"Luxembourg",NA,NA,NA,NA,NA,NA,"LFS","LFS"
2014,"Luxembourg",NA,NA,NA,NA,NA,NA,"census","Census"
2014,"Luxembourg",13549,NA,NA,NA,NA,NA,"eurostat","Eurostat"
2014,"Luxembourg",NA,NA,NA,NA,NA,NA,"fbdau","fbdau"
2014,"Luxembourg",NA,NA,NA,NA,NA,NA,"fbmau","fbmau"
2014,"Malta",NA,NA,NA,NA,NA,NA,"LFS","LFS"
2014,"Malta",NA,NA,NA,NA,NA,NA,"census","Census"
2014,"Malta",2330,NA,NA,NA,NA,NA,"eurostat","Eurostat"
2014,"Malta",NA,NA,NA,NA,NA,NA,"fbdau","fbdau"
2014,"Malta",NA,NA,NA,NA,NA,NA,"fbmau","fbmau"
2014,"Netherlands",NA,NA,NA,NA,NA,NA,"LFS","LFS"
2014,"Netherlands",NA,NA,NA,NA,NA,NA,"census","Census"
2014,"Netherlands",151680,NA,NA,NA,NA,NA,"eurostat","Eurostat"
2014,"Netherlands",NA,NA,NA,NA,NA,NA,"fbdau","fbdau"
2014,"Netherlands",NA,NA,NA,NA,NA,NA,"fbmau","fbmau"
2014,"Poland",NA,NA,NA,NA,NA,NA,"LFS","LFS"
2014,"Poland",NA,NA,NA,NA,NA,NA,"census","Census"
2014,"Poland",491515,NA,NA,NA,NA,NA,"eurostat","Eurostat"
2014,"Poland",NA,NA,NA,NA,NA,NA,"fbdau","fbdau"
2014,"Poland",NA,NA,NA,NA,NA,NA,"fbmau","fbmau"
2014,"Portugal",NA,NA,NA,NA,NA,NA,"LFS","LFS"
2014,"Portugal",NA,NA,NA,NA,NA,NA,"census","Census"
2014,"Portugal",152204,NA,NA,NA,NA,NA,"eurostat","Eurostat"
2014,"Portugal",NA,NA,NA,NA,NA,NA,"fbdau","fbdau"
2014,"Portugal",NA,NA,NA,NA,NA,NA,"fbmau","fbmau"
2014,"Romania",NA,NA,NA,NA,NA,NA,"LFS","LFS"
2014,"Romania",NA,NA,NA,NA,NA,NA,"census","Census"
2014,"Romania",1888817,NA,NA,NA,NA,NA,"eurostat","Eurostat"
2014,"Romania",NA,NA,NA,NA,NA,NA,"fbdau","fbdau"
2014,"Romania",NA,NA,NA,NA,NA,NA,"fbmau","fbmau"
2014,"Slovakia",NA,NA,NA,NA,NA,NA,"LFS","LFS"
2014,"Slovakia",NA,NA,NA,NA,NA,NA,"census","Census"
2014,"Slovakia",129367,NA,NA,NA,NA,NA,"eurostat","Eurostat"
2014,"Slovakia",NA,NA,NA,NA,NA,NA,"fbdau","fbdau"
2014,"Slovakia",NA,NA,NA,NA,NA,NA,"fbmau","fbmau"
2014,"Slovenia",NA,NA,NA,NA,NA,NA,"LFS","LFS"
2014,"Slovenia",NA,NA,NA,NA,NA,NA,"census","Census"
2014,"Slovenia",16521,NA,NA,NA,NA,NA,"eurostat","Eurostat"
2014,"Slovenia",NA,NA,NA,NA,NA,NA,"fbdau","fbdau"
2014,"Slovenia",NA,NA,NA,NA,NA,NA,"fbmau","fbmau"
2014,"Spain",NA,NA,NA,NA,NA,NA,"LFS","LFS"
2014,"Spain",NA,NA,NA,NA,NA,NA,"census","Census"
2014,"Spain",87569,NA,NA,NA,NA,NA,"eurostat","Eurostat"
2014,"Spain",NA,NA,NA,NA,NA,NA,"fbdau","fbdau"
2014,"Spain",NA,NA,NA,NA,NA,NA,"fbmau","fbmau"
2014,"Sweden",NA,NA,NA,NA,NA,NA,"LFS","LFS"
2014,"Sweden",NA,NA,NA,NA,NA,NA,"census","Census"
2014,"Sweden",73404,NA,NA,NA,NA,NA,"eurostat","Eurostat"
2014,"Sweden",NA,NA,NA,NA,NA,NA,"fbdau","fbdau"
2014,"Sweden",NA,NA,NA,NA,NA,NA,"fbmau","fbmau"
2014,"UK",NA,NA,NA,NA,NA,NA,"LFS","LFS"
2014,"UK",NA,NA,NA,NA,NA,NA,"census","Census"
2014,"UK",348258,NA,NA,NA,NA,NA,"eurostat","Eurostat"
2014,"UK",NA,NA,NA,NA,NA,NA,"fbdau","fbdau"
2014,"UK",NA,NA,NA,NA,NA,NA,"fbmau","fbmau"
2015,"Austria",NA,NA,NA,NA,NA,NA,"LFS","LFS"
2015,"Austria",NA,NA,NA,NA,NA,NA,"census","Census"
2015,"Austria",27210,NA,NA,NA,NA,NA,"eurostat","Eurostat"
2015,"Austria",NA,NA,NA,NA,NA,NA,"fbdau","fbdau"
2015,"Austria",NA,NA,NA,NA,NA,NA,"fbmau","fbmau"
2015,"Belgium",NA,NA,NA,NA,NA,NA,"LFS","LFS"
2015,"Belgium",NA,NA,NA,NA,NA,NA,"census","Census"
2015,"Belgium",116265,NA,NA,NA,NA,NA,"eurostat","Eurostat"
2015,"Belgium",NA,NA,NA,NA,NA,NA,"fbdau","fbdau"
2015,"Belgium",NA,NA,NA,NA,NA,NA,"fbmau","fbmau"
2015,"Bulgaria",NA,NA,NA,NA,NA,NA,"LFS","LFS"
2015,"Bulgaria",NA,NA,NA,NA,NA,NA,"census","Census"
2015,"Bulgaria",247684,NA,NA,NA,NA,NA,"eurostat","Eurostat"
2015,"Bulgaria",NA,NA,NA,NA,NA,NA,"fbdau","fbdau"
2015,"Bulgaria",NA,NA,NA,NA,NA,NA,"fbmau","fbmau"
2015,"Croatia",NA,NA,NA,NA,NA,NA,"LFS","LFS"
2015,"Croatia",NA,NA,NA,NA,NA,NA,"census","Census"
2015,"Croatia",89320,NA,NA,NA,NA,NA,"eurostat","Eurostat"
2015,"Croatia",NA,NA,NA,NA,NA,NA,"fbdau","fbdau"
2015,"Croatia",NA,NA,NA,NA,NA,NA,"fbmau","fbmau"
2015,"Cyprus",NA,NA,NA,NA,NA,NA,"LFS","LFS"
2015,"Cyprus",NA,NA,NA,NA,NA,NA,"census","Census"
2015,"Cyprus",2840,NA,NA,NA,NA,NA,"eurostat","Eurostat"
2015,"Cyprus",NA,NA,NA,NA,NA,NA,"fbdau","fbdau"
2015,"Cyprus",NA,NA,NA,NA,NA,NA,"fbmau","fbmau"
2015,"Czechia",NA,NA,NA,NA,NA,NA,"LFS","LFS"
2015,"Czechia",NA,NA,NA,NA,NA,NA,"census","Census"
2015,"Czechia",88088,NA,NA,NA,NA,NA,"eurostat","Eurostat"
2015,"Czechia",NA,NA,NA,NA,NA,NA,"fbdau","fbdau"
2015,"Czechia",NA,NA,NA,NA,NA,NA,"fbmau","fbmau"
2015,"Denmark",NA,NA,NA,NA,NA,NA,"LFS","LFS"
2015,"Denmark",NA,NA,NA,NA,NA,NA,"census","Census"
2015,"Denmark",41745,NA,NA,NA,NA,NA,"eurostat","Eurostat"
2015,"Denmark",NA,NA,NA,NA,NA,NA,"fbdau","fbdau"
2015,"Denmark",NA,NA,NA,NA,NA,NA,"fbmau","fbmau"
2015,"Estonia",NA,NA,NA,NA,NA,NA,"LFS","LFS"
2015,"Estonia",NA,NA,NA,NA,NA,NA,"census","Census"
2015,"Estonia",48923,NA,NA,NA,NA,NA,"eurostat","Eurostat"
2015,"Estonia",NA,NA,NA,NA,NA,NA,"fbdau","fbdau"
2015,"Estonia",NA,NA,NA,NA,NA,NA,"fbmau","fbmau"
2015,"Finland",NA,NA,NA,NA,NA,NA,"LFS","LFS"
2015,"Finland",NA,NA,NA,NA,NA,NA,"census","Census"
2015,"Finland",103909,NA,NA,NA,NA,NA,"eurostat","Eurostat"
2015,"Finland",NA,NA,NA,NA,NA,NA,"fbdau","fbdau"
2015,"Finland",NA,NA,NA,NA,NA,NA,"fbmau","fbmau"
2015,"France",NA,NA,NA,NA,NA,NA,"LFS","LFS"
2015,"France",NA,NA,NA,NA,NA,NA,"census","Census"
2015,"France",438065,NA,NA,NA,NA,NA,"eurostat","Eurostat"
2015,"France",NA,NA,NA,NA,NA,NA,"fbdau","fbdau"
2015,"France",NA,NA,NA,NA,NA,NA,"fbmau","fbmau"
2015,"Germany",NA,NA,NA,NA,NA,NA,"LFS","LFS"
2015,"Germany",NA,NA,NA,NA,NA,NA,"census","Census"
2015,"Germany",727576,NA,NA,NA,NA,NA,"eurostat","Eurostat"
2015,"Germany",NA,NA,NA,NA,NA,NA,"fbdau","fbdau"
2015,"Germany",NA,NA,NA,NA,NA,NA,"fbmau","fbmau"
2015,"Greece",NA,NA,NA,NA,NA,NA,"LFS","LFS"
2015,"Greece",NA,NA,NA,NA,NA,NA,"census","Census"
2015,"Greece",53733,NA,NA,NA,NA,NA,"eurostat","Eurostat"
2015,"Greece",NA,NA,NA,NA,NA,NA,"fbdau","fbdau"
2015,"Greece",NA,NA,NA,NA,NA,NA,"fbmau","fbmau"
2015,"Hungary",NA,NA,NA,NA,NA,NA,"LFS","LFS"
2015,"Hungary",NA,NA,NA,NA,NA,NA,"census","Census"
2015,"Hungary",99535,NA,NA,NA,NA,NA,"eurostat","Eurostat"
2015,"Hungary",NA,NA,NA,NA,NA,NA,"fbdau","fbdau"
2015,"Hungary",NA,NA,NA,NA,NA,NA,"fbmau","fbmau"
2015,"Ireland",NA,NA,NA,NA,NA,NA,"LFS","LFS"
2015,"Ireland",NA,NA,NA,NA,NA,NA,"census","Census"
2015,"Ireland",25552,NA,NA,NA,NA,NA,"eurostat","Eurostat"
2015,"Ireland",NA,NA,NA,NA,NA,NA,"fbdau","fbdau"
2015,"Ireland",NA,NA,NA,NA,NA,NA,"fbmau","fbmau"
2015,"Italy",NA,NA,NA,NA,NA,NA,"LFS","LFS"
2015,"Italy",NA,NA,NA,NA,NA,NA,"census","Census"
2015,"Italy",215546,NA,NA,NA,NA,NA,"eurostat","Eurostat"
2015,"Italy",NA,NA,NA,NA,NA,NA,"fbdau","fbdau"
2015,"Italy",NA,NA,NA,NA,NA,NA,"fbmau","fbmau"
2015,"Latvia",NA,NA,NA,NA,NA,NA,"LFS","LFS"
2015,"Latvia",NA,NA,NA,NA,NA,NA,"census","Census"
2015,"Latvia",27252,NA,NA,NA,NA,NA,"eurostat","Eurostat"
2015,"Latvia",NA,NA,NA,NA,NA,NA,"fbdau","fbdau"
2015,"Latvia",NA,NA,NA,NA,NA,NA,"fbmau","fbmau"
2015,"Lithuania",NA,NA,NA,NA,NA,NA,"LFS","LFS"
2015,"Lithuania",NA,NA,NA,NA,NA,NA,"census","Census"
2015,"Lithuania",55706,NA,NA,NA,NA,NA,"eurostat","Eurostat"
2015,"Lithuania",NA,NA,NA,NA,NA,NA,"fbdau","fbdau"
2015,"Lithuania",NA,NA,NA,NA,NA,NA,"fbmau","fbmau"
2015,"Luxembourg",NA,NA,NA,NA,NA,NA,"LFS","LFS"
2015,"Luxembourg",NA,NA,NA,NA,NA,NA,"census","Census"
2015,"Luxembourg",13687,NA,NA,NA,NA,NA,"eurostat","Eurostat"
2015,"Luxembourg",NA,NA,NA,NA,NA,NA,"fbdau","fbdau"
2015,"Luxembourg",NA,NA,NA,NA,NA,NA,"fbmau","fbmau"
2015,"Malta",NA,NA,NA,NA,NA,NA,"LFS","LFS"
2015,"Malta",NA,NA,NA,NA,NA,NA,"census","Census"
2015,"Malta",2298,NA,NA,NA,NA,NA,"eurostat","Eurostat"
2015,"Malta",NA,NA,NA,NA,NA,NA,"fbdau","fbdau"
2015,"Malta",NA,NA,NA,NA,NA,NA,"fbmau","fbmau"
2015,"Netherlands",NA,NA,NA,NA,NA,NA,"LFS","LFS"
2015,"Netherlands",NA,NA,NA,NA,NA,NA,"census","Census"
2015,"Netherlands",149882,NA,NA,NA,NA,NA,"eurostat","Eurostat"
2015,"Netherlands",NA,NA,NA,NA,NA,NA,"fbdau","fbdau"
2015,"Netherlands",NA,NA,NA,NA,NA,NA,"fbmau","fbmau"
2015,"Poland",NA,NA,NA,NA,NA,NA,"LFS","LFS"
2015,"Poland",NA,NA,NA,NA,NA,NA,"census","Census"
2015,"Poland",493704,NA,NA,NA,NA,NA,"eurostat","Eurostat"
2015,"Poland",NA,NA,NA,NA,NA,NA,"fbdau","fbdau"
2015,"Poland",NA,NA,NA,NA,NA,NA,"fbmau","fbmau"
2015,"Portugal",NA,NA,NA,NA,NA,NA,"LFS","LFS"
2015,"Portugal",NA,NA,NA,NA,NA,NA,"census","Census"
2015,"Portugal",148876,NA,NA,NA,NA,NA,"eurostat","Eurostat"
2015,"Portugal",NA,NA,NA,NA,NA,NA,"fbdau","fbdau"
2015,"Portugal",NA,NA,NA,NA,NA,NA,"fbmau","fbmau"
2015,"Romania",NA,NA,NA,NA,NA,NA,"LFS","LFS"
2015,"Romania",NA,NA,NA,NA,NA,NA,"census","Census"
2015,"Romania",1909370,NA,NA,NA,NA,NA,"eurostat","Eurostat"
2015,"Romania",NA,NA,NA,NA,NA,NA,"fbdau","fbdau"
2015,"Romania",NA,NA,NA,NA,NA,NA,"fbmau","fbmau"
2015,"Slovakia",NA,NA,NA,NA,NA,NA,"LFS","LFS"
2015,"Slovakia",NA,NA,NA,NA,NA,NA,"census","Census"
2015,"Slovakia",52904,NA,NA,NA,NA,NA,"eurostat","Eurostat"
2015,"Slovakia",NA,NA,NA,NA,NA,NA,"fbdau","fbdau"
2015,"Slovakia",NA,NA,NA,NA,NA,NA,"fbmau","fbmau"
2015,"Slovenia",NA,NA,NA,NA,NA,NA,"LFS","LFS"
2015,"Slovenia",NA,NA,NA,NA,NA,NA,"census","Census"
2015,"Slovenia",17507,NA,NA,NA,NA,NA,"eurostat","Eurostat"
2015,"Slovenia",NA,NA,NA,NA,NA,NA,"fbdau","fbdau"
2015,"Slovenia",NA,NA,NA,NA,NA,NA,"fbmau","fbmau"
2015,"Spain",NA,NA,NA,NA,NA,NA,"LFS","LFS"
2015,"Spain",NA,NA,NA,NA,NA,NA,"census","Census"
2015,"Spain",89759,NA,NA,NA,NA,NA,"eurostat","Eurostat"
2015,"Spain",NA,NA,NA,NA,NA,NA,"fbdau","fbdau"
2015,"Spain",NA,NA,NA,NA,NA,NA,"fbmau","fbmau"
2015,"Sweden",NA,NA,NA,NA,NA,NA,"LFS","LFS"
2015,"Sweden",NA,NA,NA,NA,NA,NA,"census","Census"
2015,"Sweden",72788,NA,NA,NA,NA,NA,"eurostat","Eurostat"
2015,"Sweden",NA,NA,NA,NA,NA,NA,"fbdau","fbdau"
2015,"Sweden",NA,NA,NA,NA,NA,NA,"fbmau","fbmau"
2015,"UK",NA,NA,NA,NA,NA,NA,"LFS","LFS"
2015,"UK",NA,NA,NA,NA,NA,NA,"census","Census"
2015,"UK",333042,NA,NA,NA,NA,NA,"eurostat","Eurostat"
2015,"UK",NA,NA,NA,NA,NA,NA,"fbdau","fbdau"
2015,"UK",NA,NA,NA,NA,NA,NA,"fbmau","fbmau"
2016,"Austria",NA,NA,NA,NA,NA,NA,"LFS","LFS"
2016,"Austria",NA,NA,NA,NA,NA,NA,"census","Census"
2016,"Austria",29495,NA,NA,NA,NA,NA,"eurostat","Eurostat"
2016,"Austria",NA,NA,NA,NA,NA,NA,"fbdau","fbdau"
2016,"Austria",110780,NA,NA,NA,NA,NA,"fbmau","fbmau"
2016,"Belgium",150386.305,NA,NA,NA,NA,NA,"LFS","LFS"
2016,"Belgium",NA,NA,NA,NA,NA,NA,"census","Census"
2016,"Belgium",117877,NA,NA,NA,NA,NA,"eurostat","Eurostat"
2016,"Belgium",NA,NA,NA,NA,NA,NA,"fbdau","fbdau"
2016,"Belgium",NA,NA,NA,NA,NA,NA,"fbmau","fbmau"
2016,"Bulgaria",188012.2375,NA,NA,NA,NA,NA,"LFS","LFS"
2016,"Bulgaria",NA,NA,NA,NA,NA,NA,"census","Census"
2016,"Bulgaria",262398,NA,NA,NA,NA,NA,"eurostat","Eurostat"
2016,"Bulgaria",NA,NA,NA,NA,NA,NA,"fbdau","fbdau"
2016,"Bulgaria",NA,NA,NA,NA,NA,NA,"fbmau","fbmau"
2016,"Croatia",39097.8625,NA,NA,NA,NA,NA,"LFS","LFS"
2016,"Croatia",NA,NA,NA,NA,NA,NA,"census","Census"
2016,"Croatia",91114,NA,NA,NA,NA,NA,"eurostat","Eurostat"
2016,"Croatia",NA,NA,NA,NA,NA,NA,"fbdau","fbdau"
2016,"Croatia",NA,NA,NA,NA,NA,NA,"fbmau","fbmau"
2016,"Cyprus",59798.25,NA,NA,NA,NA,NA,"LFS","LFS"
2016,"Cyprus",NA,NA,NA,NA,NA,NA,"census","Census"
2016,"Cyprus",3035,NA,NA,NA,NA,NA,"eurostat","Eurostat"
2016,"Cyprus",NA,NA,NA,NA,NA,NA,"fbdau","fbdau"
2016,"Cyprus",NA,NA,NA,NA,NA,NA,"fbmau","fbmau"
2016,"Czechia",NA,NA,NA,NA,NA,NA,"LFS","LFS"
2016,"Czechia",NA,NA,NA,NA,NA,NA,"census","Census"
2016,"Czechia",86281,NA,NA,NA,NA,NA,"eurostat","Eurostat"
2016,"Czechia",NA,NA,NA,NA,NA,NA,"fbdau","fbdau"
2016,"Czechia",NA,NA,NA,NA,NA,NA,"fbmau","fbmau"
2016,"Denmark",20347.6225,NA,NA,NA,NA,NA,"LFS","LFS"
2016,"Denmark",NA,NA,NA,NA,NA,NA,"census","Census"
2016,"Denmark",41716,NA,NA,NA,NA,NA,"eurostat","Eurostat"
2016,"Denmark",NA,NA,NA,NA,NA,NA,"fbdau","fbdau"
2016,"Denmark",NA,NA,NA,NA,NA,NA,"fbmau","fbmau"
2016,"Estonia",30974.4775,NA,NA,NA,NA,NA,"LFS","LFS"
2016,"Estonia",NA,NA,NA,NA,NA,NA,"census","Census"
2016,"Estonia",51456,NA,NA,NA,NA,NA,"eurostat","Eurostat"
2016,"Estonia",NA,NA,NA,NA,NA,NA,"fbdau","fbdau"
2016,"Estonia",NA,NA,NA,NA,NA,NA,"fbmau","fbmau"
2016,"Finland",77828.13,NA,NA,NA,NA,NA,"LFS","LFS"
2016,"Finland",NA,NA,NA,NA,NA,NA,"census","Census"
2016,"Finland",100647,NA,NA,NA,NA,NA,"eurostat","Eurostat"
2016,"Finland",NA,NA,NA,NA,NA,NA,"fbdau","fbdau"
2016,"Finland",NA,NA,NA,NA,NA,NA,"fbmau","fbmau"
2016,"France",529422.6725,NA,NA,NA,NA,NA,"LFS","LFS"
2016,"France",NA,NA,NA,NA,NA,NA,"census","Census"
2016,"France",444889,NA,NA,NA,NA,NA,"eurostat","Eurostat"
2016,"France",NA,NA,NA,NA,NA,NA,"fbdau","fbdau"
2016,"France",703700,NA,NA,NA,NA,NA,"fbmau","fbmau"
2016,"Germany",1003282.49583333,NA,NA,NA,NA,NA,"LFS","LFS"
2016,"Germany",NA,NA,NA,NA,NA,NA,"census","Census"
2016,"Germany",744075,NA,NA,NA,NA,NA,"eurostat","Eurostat"
2016,"Germany",NA,NA,NA,NA,NA,NA,"fbdau","fbdau"
2016,"Germany",694360,NA,NA,NA,NA,NA,"fbmau","fbmau"
2016,"Greece",NA,NA,NA,NA,NA,NA,"LFS","LFS"
2016,"Greece",NA,NA,NA,NA,NA,NA,"census","Census"
2016,"Greece",56756,NA,NA,NA,NA,NA,"eurostat","Eurostat"
2016,"Greece",NA,NA,NA,NA,NA,NA,"fbdau","fbdau"
2016,"Greece",5970,NA,NA,NA,NA,NA,"fbmau","fbmau"
2016,"Hungary",50802.2516666667,NA,NA,NA,NA,NA,"LFS","LFS"
2016,"Hungary",NA,NA,NA,NA,NA,NA,"census","Census"
2016,"Hungary",108322,NA,NA,NA,NA,NA,"eurostat","Eurostat"
2016,"Hungary",NA,NA,NA,NA,NA,NA,"fbdau","fbdau"
2016,"Hungary",319860,NA,NA,NA,NA,NA,"fbmau","fbmau"
2016,"Ireland",223228,NA,NA,NA,NA,NA,"LFS","LFS"
2016,"Ireland",NA,NA,NA,NA,NA,NA,"census","Census"
2016,"Ireland",26418,NA,NA,NA,NA,NA,"eurostat","Eurostat"
2016,"Ireland",NA,NA,NA,NA,NA,NA,"fbdau","fbdau"
2016,"Ireland",224220,NA,NA,NA,NA,NA,"fbmau","fbmau"
2016,"Italy",402270.356666667,NA,NA,NA,NA,NA,"LFS","LFS"
2016,"Italy",NA,NA,NA,NA,NA,NA,"census","Census"
2016,"Italy",231801,NA,NA,NA,NA,NA,"eurostat","Eurostat"
2016,"Italy",NA,NA,NA,NA,NA,NA,"fbdau","fbdau"
2016,"Italy",1044480,NA,NA,NA,NA,NA,"fbmau","fbmau"
2016,"Latvia",84541.75,NA,NA,NA,NA,NA,"LFS","LFS"
2016,"Latvia",NA,NA,NA,NA,NA,NA,"census","Census"
2016,"Latvia",29449,NA,NA,NA,NA,NA,"eurostat","Eurostat"
2016,"Latvia",NA,NA,NA,NA,NA,NA,"fbdau","fbdau"
2016,"Latvia",NA,NA,NA,NA,NA,NA,"fbmau","fbmau"
2016,"Lithuania",194056.3025,NA,NA,NA,NA,NA,"LFS","LFS"
2016,"Lithuania",NA,NA,NA,NA,NA,NA,"census","Census"
2016,"Lithuania",58227,NA,NA,NA,NA,NA,"eurostat","Eurostat"
2016,"Lithuania",NA,NA,NA,NA,NA,NA,"fbdau","fbdau"
2016,"Lithuania",NA,NA,NA,NA,NA,NA,"fbmau","fbmau"
2016,"Luxembourg",7564.25833333333,NA,NA,NA,NA,NA,"LFS","LFS"
2016,"Luxembourg",NA,NA,NA,NA,NA,NA,"census","Census"
2016,"Luxembourg",13955,NA,NA,NA,NA,NA,"eurostat","Eurostat"
2016,"Luxembourg",NA,NA,NA,NA,NA,NA,"fbdau","fbdau"
2016,"Luxembourg",NA,NA,NA,NA,NA,NA,"fbmau","fbmau"
2016,"Malta",NA,NA,NA,NA,NA,NA,"LFS","LFS"
2016,"Malta",NA,NA,NA,NA,NA,NA,"census","Census"
2016,"Malta",2291,NA,NA,NA,NA,NA,"eurostat","Eurostat"
2016,"Malta",NA,NA,NA,NA,NA,NA,"fbdau","fbdau"
2016,"Malta",NA,NA,NA,NA,NA,NA,"fbmau","fbmau"
2016,"Netherlands",133828.656666667,NA,NA,NA,NA,NA,"LFS","LFS"
2016,"Netherlands",NA,NA,NA,NA,NA,NA,"census","Census"
2016,"Netherlands",153489,NA,NA,NA,NA,NA,"eurostat","Eurostat"
2016,"Netherlands",NA,NA,NA,NA,NA,NA,"fbdau","fbdau"
2016,"Netherlands",NA,NA,NA,NA,NA,NA,"fbmau","fbmau"
2016,"Poland",1337280.4225,NA,NA,NA,NA,NA,"LFS","LFS"
2016,"Poland",NA,NA,NA,NA,NA,NA,"census","Census"
2016,"Poland",525721,NA,NA,NA,NA,NA,"eurostat","Eurostat"
2016,"Poland",NA,NA,NA,NA,NA,NA,"fbdau","fbdau"
2016,"Poland",1649220,NA,NA,NA,NA,NA,"fbmau","fbmau"
2016,"Portugal",722085.690833333,NA,NA,NA,NA,NA,"LFS","LFS"
2016,"Portugal",NA,NA,NA,NA,NA,NA,"census","Census"
2016,"Portugal",148453,NA,NA,NA,NA,NA,"eurostat","Eurostat"
2016,"Portugal",NA,NA,NA,NA,NA,NA,"fbdau","fbdau"
2016,"Portugal",763010,NA,NA,NA,NA,NA,"fbmau","fbmau"
2016,"Romania",1927259.34583333,NA,NA,NA,NA,NA,"LFS","LFS"
2016,"Romania",NA,NA,NA,NA,NA,NA,"census","Census"
2016,"Romania",1935201,NA,NA,NA,NA,NA,"eurostat","Eurostat"
2016,"Romania",NA,NA,NA,NA,NA,NA,"fbdau","fbdau"
2016,"Romania",2210240,NA,NA,NA,NA,NA,"fbmau","fbmau"
2016,"Slovakia",30657.5991666667,NA,NA,NA,NA,NA,"LFS","LFS"
2016,"Slovakia",NA,NA,NA,NA,NA,NA,"census","Census"
2016,"Slovakia",145277,NA,NA,NA,NA,NA,"eurostat","Eurostat"
2016,"Slovakia",NA,NA,NA,NA,NA,NA,"fbdau","fbdau"
2016,"Slovakia",NA,NA,NA,NA,NA,NA,"fbmau","fbmau"
2016,"Slovenia",NA,NA,NA,NA,NA,NA,"LFS","LFS"
2016,"Slovenia",NA,NA,NA,NA,NA,NA,"census","Census"
2016,"Slovenia",18763,NA,NA,NA,NA,NA,"eurostat","Eurostat"
2016,"Slovenia",NA,NA,NA,NA,NA,NA,"fbdau","fbdau"
2016,"Slovenia",NA,NA,NA,NA,NA,NA,"fbmau","fbmau"
2016,"Spain",272313.558333333,NA,NA,NA,NA,NA,"LFS","LFS"
2016,"Spain",NA,NA,NA,NA,NA,NA,"census","Census"
2016,"Spain",95490,NA,NA,NA,NA,NA,"eurostat","Eurostat"
2016,"Spain",NA,NA,NA,NA,NA,NA,"fbdau","fbdau"
2016,"Spain",632100,NA,NA,NA,NA,NA,"fbmau","fbmau"
2016,"Sweden",41674.865,NA,NA,NA,NA,NA,"LFS","LFS"
2016,"Sweden",NA,NA,NA,NA,NA,NA,"census","Census"
2016,"Sweden",73224,NA,NA,NA,NA,NA,"eurostat","Eurostat"
2016,"Sweden",NA,NA,NA,NA,NA,NA,"fbdau","fbdau"
2016,"Sweden",NA,NA,NA,NA,NA,NA,"fbmau","fbmau"
2016,"UK",466406.485,NA,NA,NA,NA,NA,"LFS","LFS"
2016,"UK",NA,NA,NA,NA,NA,NA,"census","Census"
2016,"UK",333616,NA,NA,NA,NA,NA,"eurostat","Eurostat"
2016,"UK",NA,NA,NA,NA,NA,NA,"fbdau","fbdau"
2016,"UK",NA,NA,NA,NA,NA,NA,"fbmau","fbmau"
2017,"Austria",113623.880833333,NA,NA,NA,NA,NA,"LFS","LFS"
2017,"Austria",NA,NA,NA,NA,NA,NA,"census","Census"
2017,"Austria",30542,NA,NA,NA,NA,NA,"eurostat","Eurostat"
2017,"Austria",NA,NA,NA,NA,NA,NA,"fbdau","fbdau"
2017,"Austria",NA,NA,NA,NA,NA,NA,"fbmau","fbmau"
2017,"Belgium",178673.710833333,NA,NA,NA,NA,NA,"LFS","LFS"
2017,"Belgium",NA,NA,NA,NA,NA,NA,"census","Census"
2017,"Belgium",134620,NA,NA,NA,NA,NA,"eurostat","Eurostat"
2017,"Belgium",NA,NA,NA,NA,NA,NA,"fbdau","fbdau"
2017,"Belgium",NA,NA,NA,NA,NA,NA,"fbmau","fbmau"
2017,"Bulgaria",385475.8575,NA,NA,NA,NA,NA,"LFS","LFS"
2017,"Bulgaria",NA,NA,NA,NA,NA,NA,"census","Census"
2017,"Bulgaria",268084,NA,NA,NA,NA,NA,"eurostat","Eurostat"
2017,"Bulgaria",NA,NA,NA,NA,NA,NA,"fbdau","fbdau"
2017,"Bulgaria",NA,NA,NA,NA,NA,NA,"fbmau","fbmau"
2017,"Croatia",204842.6225,NA,NA,NA,NA,NA,"LFS","LFS"
2017,"Croatia",NA,NA,NA,NA,NA,NA,"census","Census"
2017,"Croatia",92040,NA,NA,NA,NA,NA,"eurostat","Eurostat"
2017,"Croatia",NA,NA,NA,NA,NA,NA,"fbdau","fbdau"
2017,"Croatia",NA,NA,NA,NA,NA,NA,"fbmau","fbmau"
2017,"Cyprus",48137.6666666667,NA,NA,NA,NA,NA,"LFS","LFS"
2017,"Cyprus",NA,NA,NA,NA,NA,NA,"census","Census"
2017,"Cyprus",3206,NA,NA,NA,NA,NA,"eurostat","Eurostat"
2017,"Cyprus",NA,NA,NA,NA,NA,NA,"fbdau","fbdau"
2017,"Cyprus",NA,NA,NA,NA,NA,NA,"fbmau","fbmau"
2017,"Czechia",NA,NA,NA,NA,NA,NA,"LFS","LFS"
2017,"Czechia",NA,NA,NA,NA,NA,NA,"census","Census"
2017,"Czechia",85705,NA,NA,NA,NA,NA,"eurostat","Eurostat"
2017,"Czechia",NA,NA,NA,NA,NA,NA,"fbdau","fbdau"
2017,"Czechia",NA,NA,NA,NA,NA,NA,"fbmau","fbmau"
2017,"Denmark",21963.66,NA,NA,NA,NA,NA,"LFS","LFS"
2017,"Denmark",NA,NA,NA,NA,NA,NA,"census","Census"
2017,"Denmark",42691,NA,NA,NA,NA,NA,"eurostat","Eurostat"
2017,"Denmark",NA,NA,NA,NA,NA,NA,"fbdau","fbdau"
2017,"Denmark",NA,NA,NA,NA,NA,NA,"fbmau","fbmau"
2017,"Estonia",31003.57,NA,NA,NA,NA,NA,"LFS","LFS"
2017,"Estonia",NA,NA,NA,NA,NA,NA,"census","Census"
2017,"Estonia",53326,NA,NA,NA,NA,NA,"eurostat","Eurostat"
2017,"Estonia",NA,NA,NA,NA,NA,NA,"fbdau","fbdau"
2017,"Estonia",NA,NA,NA,NA,NA,NA,"fbmau","fbmau"
2017,"Finland",72594.46,NA,NA,NA,NA,NA,"LFS","LFS"
2017,"Finland",NA,NA,NA,NA,NA,NA,"census","Census"
2017,"Finland",98680,NA,NA,NA,NA,NA,"eurostat","Eurostat"
2017,"Finland",NA,NA,NA,NA,NA,NA,"fbdau","fbdau"
2017,"Finland",NA,NA,NA,NA,NA,NA,"fbmau","fbmau"
2017,"France",548959.165,NA,NA,NA,NA,NA,"LFS","LFS"
2017,"France",NA,NA,NA,NA,NA,NA,"census","Census"
2017,"France",481302,NA,NA,NA,NA,NA,"eurostat","Eurostat"
2017,"France",NA,NA,NA,NA,NA,NA,"fbdau","fbdau"
2017,"France",543400,NA,NA,NA,NA,NA,"fbmau","fbmau"
2017,"Germany",1025125.455,NA,NA,NA,NA,NA,"LFS","LFS"
2017,"Germany",NA,NA,NA,NA,NA,NA,"census","Census"
2017,"Germany",759607,NA,NA,NA,NA,NA,"eurostat","Eurostat"
2017,"Germany",NA,NA,NA,NA,NA,NA,"fbdau","fbdau"
2017,"Germany",444400,NA,NA,NA,NA,NA,"fbmau","fbmau"
2017,"Greece",NA,NA,NA,NA,NA,NA,"LFS","LFS"
2017,"Greece",NA,NA,NA,NA,NA,NA,"census","Census"
2017,"Greece",62267,NA,NA,NA,NA,NA,"eurostat","Eurostat"
2017,"Greece",NA,NA,NA,NA,NA,NA,"fbdau","fbdau"
2017,"Greece",5030,NA,NA,NA,NA,NA,"fbmau","fbmau"
2017,"Hungary",197515.445,NA,NA,NA,NA,NA,"LFS","LFS"
2017,"Hungary",NA,NA,NA,NA,NA,NA,"census","Census"
2017,"Hungary",115855,NA,NA,NA,NA,NA,"eurostat","Eurostat"
2017,"Hungary",NA,NA,NA,NA,NA,NA,"fbdau","fbdau"
2017,"Hungary",NA,NA,NA,NA,NA,NA,"fbmau","fbmau"
2017,"Ireland",217443.25,NA,NA,NA,NA,NA,"LFS","LFS"
2017,"Ireland",NA,NA,NA,NA,NA,NA,"census","Census"
2017,"Ireland",28043,NA,NA,NA,NA,NA,"eurostat","Eurostat"
2017,"Ireland",NA,NA,NA,NA,NA,NA,"fbdau","fbdau"
2017,"Ireland",NA,NA,NA,NA,NA,NA,"fbmau","fbmau"
2017,"Italy",727848.41,NA,NA,NA,NA,NA,"LFS","LFS"
2017,"Italy",NA,NA,NA,NA,NA,NA,"census","Census"
2017,"Italy",255897,NA,NA,NA,NA,NA,"eurostat","Eurostat"
2017,"Italy",NA,NA,NA,NA,NA,NA,"fbdau","fbdau"
2017,"Italy",NA,NA,NA,NA,NA,NA,"fbmau","fbmau"
2017,"Latvia",20523.8233333333,NA,NA,NA,NA,NA,"LFS","LFS"
2017,"Latvia",NA,NA,NA,NA,NA,NA,"census","Census"
2017,"Latvia",31309,NA,NA,NA,NA,NA,"eurostat","Eurostat"
2017,"Latvia",NA,NA,NA,NA,NA,NA,"fbdau","fbdau"
2017,"Latvia",NA,NA,NA,NA,NA,NA,"fbmau","fbmau"
2017,"Lithuania",234778.555,NA,NA,NA,NA,NA,"LFS","LFS"
2017,"Lithuania",NA,NA,NA,NA,NA,NA,"census","Census"
2017,"Lithuania",60687,NA,NA,NA,NA,NA,"eurostat","Eurostat"
2017,"Lithuania",NA,NA,NA,NA,NA,NA,"fbdau","fbdau"
2017,"Lithuania",NA,NA,NA,NA,NA,NA,"fbmau","fbmau"
2017,"Luxembourg",32783.7141666667,NA,NA,NA,NA,NA,"LFS","LFS"
2017,"Luxembourg",NA,NA,NA,NA,NA,NA,"census","Census"
2017,"Luxembourg",14298,NA,NA,NA,NA,NA,"eurostat","Eurostat"
2017,"Luxembourg",NA,NA,NA,NA,NA,NA,"fbdau","fbdau"
2017,"Luxembourg",NA,NA,NA,NA,NA,NA,"fbmau","fbmau"
2017,"Malta",NA,NA,NA,NA,NA,NA,"LFS","LFS"
2017,"Malta",NA,NA,NA,NA,NA,NA,"census","Census"
2017,"Malta",2505,NA,NA,NA,NA,NA,"eurostat","Eurostat"
2017,"Malta",NA,NA,NA,NA,NA,NA,"fbdau","fbdau"
2017,"Malta",NA,NA,NA,NA,NA,NA,"fbmau","fbmau"
2017,"Netherlands",201073.7825,NA,NA,NA,NA,NA,"LFS","LFS"
2017,"Netherlands",NA,NA,NA,NA,NA,NA,"census","Census"
2017,"Netherlands",157811,NA,NA,NA,NA,NA,"eurostat","Eurostat"
2017,"Netherlands",NA,NA,NA,NA,NA,NA,"fbdau","fbdau"
2017,"Netherlands",263800,NA,NA,NA,NA,NA,"fbmau","fbmau"
2017,"Poland",2522985.90083333,NA,NA,NA,NA,NA,"LFS","LFS"
2017,"Poland",NA,NA,NA,NA,NA,NA,"census","Census"
2017,"Poland",543235,NA,NA,NA,NA,NA,"eurostat","Eurostat"
2017,"Poland",NA,NA,NA,NA,NA,NA,"fbdau","fbdau"
2017,"Poland",1710700,NA,NA,NA,NA,NA,"fbmau","fbmau"
2017,"Portugal",794843.048333333,NA,NA,NA,NA,NA,"LFS","LFS"
2017,"Portugal",NA,NA,NA,NA,NA,NA,"census","Census"
2017,"Portugal",209544,NA,NA,NA,NA,NA,"eurostat","Eurostat"
2017,"Portugal",NA,NA,NA,NA,NA,NA,"fbdau","fbdau"
2017,"Portugal",763680,NA,NA,NA,NA,NA,"fbmau","fbmau"
2017,"Romania",2492214.17083333,NA,NA,NA,NA,NA,"LFS","LFS"
2017,"Romania",NA,NA,NA,NA,NA,NA,"census","Census"
2017,"Romania",1956897,NA,NA,NA,NA,NA,"eurostat","Eurostat"
2017,"Romania",NA,NA,NA,NA,NA,NA,"fbdau","fbdau"
2017,"Romania",NA,NA,NA,NA,NA,NA,"fbmau","fbmau"
2017,"Slovakia",35200.6733333333,NA,NA,NA,NA,NA,"LFS","LFS"
2017,"Slovakia",NA,NA,NA,NA,NA,NA,"census","Census"
2017,"Slovakia",153262,NA,NA,NA,NA,NA,"eurostat","Eurostat"
2017,"Slovakia",NA,NA,NA,NA,NA,NA,"fbdau","fbdau"
2017,"Slovakia",NA,NA,NA,NA,NA,NA,"fbmau","fbmau"
2017,"Slovenia",NA,NA,NA,NA,NA,NA,"LFS","LFS"
2017,"Slovenia",NA,NA,NA,NA,NA,NA,"census","Census"
2017,"Slovenia",20182,NA,NA,NA,NA,NA,"eurostat","Eurostat"
2017,"Slovenia",NA,NA,NA,NA,NA,NA,"fbdau","fbdau"
2017,"Slovenia",NA,NA,NA,NA,NA,NA,"fbmau","fbmau"
2017,"Spain",395671.92,NA,NA,NA,NA,NA,"LFS","LFS"
2017,"Spain",NA,NA,NA,NA,NA,NA,"census","Census"
2017,"Spain",103490,NA,NA,NA,NA,NA,"eurostat","Eurostat"
2017,"Spain",NA,NA,NA,NA,NA,NA,"fbdau","fbdau"
2017,"Spain",NA,NA,NA,NA,NA,NA,"fbmau","fbmau"
2017,"Sweden",40217.1675,NA,NA,NA,NA,NA,"LFS","LFS"
2017,"Sweden",NA,NA,NA,NA,NA,NA,"census","Census"
2017,"Sweden",74685,NA,NA,NA,NA,NA,"eurostat","Eurostat"
2017,"Sweden",NA,NA,NA,NA,NA,NA,"fbdau","fbdau"
2017,"Sweden",NA,NA,NA,NA,NA,NA,"fbmau","fbmau"
2017,"UK",538435.338333333,NA,NA,NA,NA,NA,"LFS","LFS"
2017,"UK",NA,NA,NA,NA,NA,NA,"census","Census"
2017,"UK",336089,NA,NA,NA,NA,NA,"eurostat","Eurostat"
2017,"UK",NA,NA,NA,NA,NA,NA,"fbdau","fbdau"
2017,"UK",NA,NA,NA,NA,NA,NA,"fbmau","fbmau"
2018,"Austria",NA,NA,NA,NA,NA,NA,"LFS","LFS"
2018,"Austria",NA,NA,NA,NA,NA,NA,"census","Census"
2018,"Austria",30709,NA,NA,NA,NA,NA,"eurostat","Eurostat"
2018,"Austria",56405,NA,NA,NA,NA,NA,"fbdau","fbdau"
2018,"Austria",157450,NA,NA,NA,NA,NA,"fbmau","fbmau"
2018,"Belgium",NA,NA,NA,NA,NA,NA,"LFS","LFS"
2018,"Belgium",NA,NA,NA,NA,NA,NA,"census","Census"
2018,"Belgium",136305,NA,NA,NA,NA,NA,"eurostat","Eurostat"
2018,"Belgium",163235,NA,NA,NA,NA,NA,"fbdau","fbdau"
2018,"Belgium",249168,NA,NA,NA,NA,NA,"fbmau","fbmau"
2018,"Bulgaria",NA,NA,NA,NA,NA,NA,"LFS","LFS"
2018,"Bulgaria",NA,NA,NA,NA,NA,NA,"census","Census"
2018,"Bulgaria",273244,NA,NA,NA,NA,NA,"eurostat","Eurostat"
2018,"Bulgaria",NA,NA,NA,NA,NA,NA,"fbdau","fbdau"
2018,"Bulgaria",NA,NA,NA,NA,NA,NA,"fbmau","fbmau"
2018,"Croatia",NA,NA,NA,NA,NA,NA,"LFS","LFS"
2018,"Croatia",NA,NA,NA,NA,NA,NA,"census","Census"
2018,"Croatia",92166,NA,NA,NA,NA,NA,"eurostat","Eurostat"
2018,"Croatia",NA,NA,NA,NA,NA,NA,"fbdau","fbdau"
2018,"Croatia",NA,NA,NA,NA,NA,NA,"fbmau","fbmau"
2018,"Cyprus",NA,NA,NA,NA,NA,NA,"LFS","LFS"
2018,"Cyprus",NA,NA,NA,NA,NA,NA,"census","Census"
2018,"Cyprus",3418,NA,NA,NA,NA,NA,"eurostat","Eurostat"
2018,"Cyprus",45866,NA,NA,NA,NA,NA,"fbdau","fbdau"
2018,"Cyprus",58053,NA,NA,NA,NA,NA,"fbmau","fbmau"
2018,"Czechia",NA,NA,NA,NA,NA,NA,"LFS","LFS"
2018,"Czechia",NA,NA,NA,NA,NA,NA,"census","Census"
2018,"Czechia",84562,NA,NA,NA,NA,NA,"eurostat","Eurostat"
2018,"Czechia",136347,NA,NA,NA,NA,NA,"fbdau","fbdau"
2018,"Czechia",193963,NA,NA,NA,NA,NA,"fbmau","fbmau"
2018,"Denmark",NA,NA,NA,NA,NA,NA,"LFS","LFS"
2018,"Denmark",NA,NA,NA,NA,NA,NA,"census","Census"
2018,"Denmark",42199,NA,NA,NA,NA,NA,"eurostat","Eurostat"
2018,"Denmark",57419,NA,NA,NA,NA,NA,"fbdau","fbdau"
2018,"Denmark",73967,NA,NA,NA,NA,NA,"fbmau","fbmau"
2018,"Estonia",NA,NA,NA,NA,NA,NA,"LFS","LFS"
2018,"Estonia",NA,NA,NA,NA,NA,NA,"census","Census"
2018,"Estonia",54162,NA,NA,NA,NA,NA,"eurostat","Eurostat"
2018,"Estonia",55564,NA,NA,NA,NA,NA,"fbdau","fbdau"
2018,"Estonia",73101,NA,NA,NA,NA,NA,"fbmau","fbmau"
2018,"Finland",NA,NA,NA,NA,NA,NA,"LFS","LFS"
2018,"Finland",NA,NA,NA,NA,NA,NA,"census","Census"
2018,"Finland",96287,NA,NA,NA,NA,NA,"eurostat","Eurostat"
2018,"Finland",57576,NA,NA,NA,NA,NA,"fbdau","fbdau"
2018,"Finland",76366,NA,NA,NA,NA,NA,"fbmau","fbmau"
2018,"France",NA,NA,NA,NA,NA,NA,"LFS","LFS"
2018,"France",NA,NA,NA,NA,NA,NA,"census","Census"
2018,"France",486627,NA,NA,NA,NA,NA,"eurostat","Eurostat"
2018,"France",479881,NA,NA,NA,NA,NA,"fbdau","fbdau"
2018,"France",705333,NA,NA,NA,NA,NA,"fbmau","fbmau"
2018,"Germany",NA,NA,NA,NA,NA,NA,"LFS","LFS"
2018,"Germany",NA,NA,NA,NA,NA,NA,"census","Census"
2018,"Germany",764127,NA,NA,NA,NA,NA,"eurostat","Eurostat"
2018,"Germany",396594,NA,NA,NA,NA,NA,"fbdau","fbdau"
2018,"Germany",706334,NA,NA,NA,NA,NA,"fbmau","fbmau"
2018,"Greece",NA,NA,NA,NA,NA,NA,"LFS","LFS"
2018,"Greece",NA,NA,NA,NA,NA,NA,"census","Census"
2018,"Greece",66015,NA,NA,NA,NA,NA,"eurostat","Eurostat"
2018,"Greece",6590,NA,NA,NA,NA,NA,"fbdau","fbdau"
2018,"Greece",25199,NA,NA,NA,NA,NA,"fbmau","fbmau"
2018,"Hungary",NA,NA,NA,NA,NA,NA,"LFS","LFS"
2018,"Hungary",NA,NA,NA,NA,NA,NA,"census","Census"
2018,"Hungary",120704,NA,NA,NA,NA,NA,"eurostat","Eurostat"
2018,"Hungary",298800,NA,NA,NA,NA,NA,"fbdau","fbdau"
2018,"Hungary",390999,NA,NA,NA,NA,NA,"fbmau","fbmau"
2018,"Ireland",NA,NA,NA,NA,NA,NA,"LFS","LFS"
2018,"Ireland",NA,NA,NA,NA,NA,NA,"census","Census"
2018,"Ireland",28705,NA,NA,NA,NA,NA,"eurostat","Eurostat"
2018,"Ireland",159559,NA,NA,NA,NA,NA,"fbdau","fbdau"
2018,"Ireland",209367,NA,NA,NA,NA,NA,"fbmau","fbmau"
2018,"Italy",NA,NA,NA,NA,NA,NA,"LFS","LFS"
2018,"Italy",NA,NA,NA,NA,NA,NA,"census","Census"
2018,"Italy",271385,NA,NA,NA,NA,NA,"eurostat","Eurostat"
2018,"Italy",826566,NA,NA,NA,NA,NA,"fbdau","fbdau"
2018,"Italy",1124832,NA,NA,NA,NA,NA,"fbmau","fbmau"
2018,"Latvia",NA,NA,NA,NA,NA,NA,"LFS","LFS"
2018,"Latvia",NA,NA,NA,NA,NA,NA,"census","Census"
2018,"Latvia",33404,NA,NA,NA,NA,NA,"eurostat","Eurostat"
2018,"Latvia",116999,NA,NA,NA,NA,NA,"fbdau","fbdau"
2018,"Latvia",164134,NA,NA,NA,NA,NA,"fbmau","fbmau"
2018,"Lithuania",NA,NA,NA,NA,NA,NA,"LFS","LFS"
2018,"Lithuania",NA,NA,NA,NA,NA,NA,"census","Census"
2018,"Lithuania",63426,NA,NA,NA,NA,NA,"eurostat","Eurostat"
2018,"Lithuania",196031,NA,NA,NA,NA,NA,"fbdau","fbdau"
2018,"Lithuania",325765,NA,NA,NA,NA,NA,"fbmau","fbmau"
2018,"Luxembourg",NA,NA,NA,NA,NA,NA,"LFS","LFS"
2018,"Luxembourg",NA,NA,NA,NA,NA,NA,"census","Census"
2018,"Luxembourg",14595,NA,NA,NA,NA,NA,"eurostat","Eurostat"
2018,"Luxembourg",31466,NA,NA,NA,NA,NA,"fbdau","fbdau"
2018,"Luxembourg",40534,NA,NA,NA,NA,NA,"fbmau","fbmau"
2018,"Malta",NA,NA,NA,NA,NA,NA,"LFS","LFS"
2018,"Malta",NA,NA,NA,NA,NA,NA,"census","Census"
2018,"Malta",2568,NA,NA,NA,NA,NA,"eurostat","Eurostat"
2018,"Malta",14881,NA,NA,NA,NA,NA,"fbdau","fbdau"
2018,"Malta",17564,NA,NA,NA,NA,NA,"fbmau","fbmau"
2018,"Netherlands",NA,NA,NA,NA,NA,NA,"LFS","LFS"
2018,"Netherlands",NA,NA,NA,NA,NA,NA,"census","Census"
2018,"Netherlands",159530,NA,NA,NA,NA,NA,"eurostat","Eurostat"
2018,"Netherlands",199184,NA,NA,NA,NA,NA,"fbdau","fbdau"
2018,"Netherlands",299667,NA,NA,NA,NA,NA,"fbmau","fbmau"
2018,"Poland",NA,NA,NA,NA,NA,NA,"LFS","LFS"
2018,"Poland",NA,NA,NA,NA,NA,NA,"census","Census"
2018,"Poland",554402,NA,NA,NA,NA,NA,"eurostat","Eurostat"
2018,"Poland",1553166,NA,NA,NA,NA,NA,"fbdau","fbdau"
2018,"Poland",1969501,NA,NA,NA,NA,NA,"fbmau","fbmau"
2018,"Portugal",NA,NA,NA,NA,NA,NA,"LFS","LFS"
2018,"Portugal",NA,NA,NA,NA,NA,NA,"census","Census"
2018,"Portugal",207964,NA,NA,NA,NA,NA,"eurostat","Eurostat"
2018,"Portugal",630893,NA,NA,NA,NA,NA,"fbdau","fbdau"
2018,"Portugal",853916,NA,NA,NA,NA,NA,"fbmau","fbmau"
2018,"Romania",NA,NA,NA,NA,NA,NA,"LFS","LFS"
2018,"Romania",NA,NA,NA,NA,NA,NA,"census","Census"
2018,"Romania",1962484,NA,NA,NA,NA,NA,"eurostat","Eurostat"
2018,"Romania",1895597,NA,NA,NA,NA,NA,"fbdau","fbdau"
2018,"Romania",2944034,NA,NA,NA,NA,NA,"fbmau","fbmau"
2018,"Slovakia",NA,NA,NA,NA,NA,NA,"LFS","LFS"
2018,"Slovakia",NA,NA,NA,NA,NA,NA,"census","Census"
2018,"Slovakia",158812,NA,NA,NA,NA,NA,"eurostat","Eurostat"
2018,"Slovakia",226053,NA,NA,NA,NA,NA,"fbdau","fbdau"
2018,"Slovakia",356399,NA,NA,NA,NA,NA,"fbmau","fbmau"
2018,"Slovenia",NA,NA,NA,NA,NA,NA,"LFS","LFS"
2018,"Slovenia",NA,NA,NA,NA,NA,NA,"census","Census"
2018,"Slovenia",20749,NA,NA,NA,NA,NA,"eurostat","Eurostat"
2018,"Slovenia",33712,NA,NA,NA,NA,NA,"fbdau","fbdau"
2018,"Slovenia",41966,NA,NA,NA,NA,NA,"fbmau","fbmau"
2018,"Spain",NA,NA,NA,NA,NA,NA,"LFS","LFS"
2018,"Spain",NA,NA,NA,NA,NA,NA,"census","Census"
2018,"Spain",108856,NA,NA,NA,NA,NA,"eurostat","Eurostat"
2018,"Spain",423850,NA,NA,NA,NA,NA,"fbdau","fbdau"
2018,"Spain",649333,NA,NA,NA,NA,NA,"fbmau","fbmau"
2018,"Sweden",NA,NA,NA,NA,NA,NA,"LFS","LFS"
2018,"Sweden",NA,NA,NA,NA,NA,NA,"census","Census"
2018,"Sweden",75343,NA,NA,NA,NA,NA,"eurostat","Eurostat"
2018,"Sweden",85397,NA,NA,NA,NA,NA,"fbdau","fbdau"
2018,"Sweden",128434,NA,NA,NA,NA,NA,"fbmau","fbmau"
2018,"UK",NA,NA,NA,NA,NA,NA,"LFS","LFS"
2018,"UK",NA,NA,NA,NA,NA,NA,"census","Census"
2018,"UK",333534,NA,NA,NA,NA,NA,"eurostat","Eurostat"
2018,"UK",515383,NA,NA,NA,NA,NA,"fbdau","fbdau"
2018,"UK",862335,NA,NA,NA,NA,NA,"fbmau","fbmau"
2019,"Austria",NA,NA,NA,NA,NA,NA,"LFS","LFS"
2019,"Austria",NA,NA,NA,NA,NA,NA,"census","Census"
2019,"Austria",NA,NA,NA,NA,NA,NA,"eurostat","Eurostat"
2019,"Austria",48612,NA,NA,NA,NA,NA,"fbdau","fbdau"
2019,"Austria",65853,NA,NA,NA,NA,NA,"fbmau","fbmau"
2019,"Belgium",NA,NA,NA,NA,NA,NA,"LFS","LFS"
2019,"Belgium",NA,NA,NA,NA,NA,NA,"census","Census"
2019,"Belgium",NA,NA,NA,NA,NA,NA,"eurostat","Eurostat"
2019,"Belgium",106225,NA,NA,NA,NA,NA,"fbdau","fbdau"
2019,"Belgium",149629,NA,NA,NA,NA,NA,"fbmau","fbmau"
2019,"Bulgaria",NA,NA,NA,NA,NA,NA,"LFS","LFS"
2019,"Bulgaria",NA,NA,NA,NA,NA,NA,"census","Census"
2019,"Bulgaria",NA,NA,NA,NA,NA,NA,"eurostat","Eurostat"
2019,"Bulgaria",NA,NA,NA,NA,NA,NA,"fbdau","fbdau"
2019,"Bulgaria",NA,NA,NA,NA,NA,NA,"fbmau","fbmau"
2019,"Croatia",NA,NA,NA,NA,NA,NA,"LFS","LFS"
2019,"Croatia",NA,NA,NA,NA,NA,NA,"census","Census"
2019,"Croatia",NA,NA,NA,NA,NA,NA,"eurostat","Eurostat"
2019,"Croatia",NA,NA,NA,NA,NA,NA,"fbdau","fbdau"
2019,"Croatia",NA,NA,NA,NA,NA,NA,"fbmau","fbmau"
2019,"Cyprus",NA,NA,NA,NA,NA,NA,"LFS","LFS"
2019,"Cyprus",NA,NA,NA,NA,NA,NA,"census","Census"
2019,"Cyprus",NA,NA,NA,NA,NA,NA,"eurostat","Eurostat"
2019,"Cyprus",34943,NA,NA,NA,NA,NA,"fbdau","fbdau"
2019,"Cyprus",44506,NA,NA,NA,NA,NA,"fbmau","fbmau"
2019,"Czechia",NA,NA,NA,NA,NA,NA,"LFS","LFS"
2019,"Czechia",NA,NA,NA,NA,NA,NA,"census","Census"
2019,"Czechia",NA,NA,NA,NA,NA,NA,"eurostat","Eurostat"
2019,"Czechia",80896,NA,NA,NA,NA,NA,"fbdau","fbdau"
2019,"Czechia",116052,NA,NA,NA,NA,NA,"fbmau","fbmau"
2019,"Denmark",NA,NA,NA,NA,NA,NA,"LFS","LFS"
2019,"Denmark",NA,NA,NA,NA,NA,NA,"census","Census"
2019,"Denmark",NA,NA,NA,NA,NA,NA,"eurostat","Eurostat"
2019,"Denmark",38490,NA,NA,NA,NA,NA,"fbdau","fbdau"
2019,"Denmark",41801,NA,NA,NA,NA,NA,"fbmau","fbmau"
2019,"Estonia",NA,NA,NA,NA,NA,NA,"LFS","LFS"
2019,"Estonia",NA,NA,NA,NA,NA,NA,"census","Census"
2019,"Estonia",NA,NA,NA,NA,NA,NA,"eurostat","Eurostat"
2019,"Estonia",37017,NA,NA,NA,NA,NA,"fbdau","fbdau"
2019,"Estonia",42263,NA,NA,NA,NA,NA,"fbmau","fbmau"
2019,"Finland",NA,NA,NA,NA,NA,NA,"LFS","LFS"
2019,"Finland",NA,NA,NA,NA,NA,NA,"census","Census"
2019,"Finland",NA,NA,NA,NA,NA,NA,"eurostat","Eurostat"
2019,"Finland",39644,NA,NA,NA,NA,NA,"fbdau","fbdau"
2019,"Finland",43624,NA,NA,NA,NA,NA,"fbmau","fbmau"
2019,"France",NA,NA,NA,NA,NA,NA,"LFS","LFS"
2019,"France",NA,NA,NA,NA,NA,NA,"census","Census"
2019,"France",NA,NA,NA,NA,NA,NA,"eurostat","Eurostat"
2019,"France",252824,NA,NA,NA,NA,NA,"fbdau","fbdau"
2019,"France",442374,NA,NA,NA,NA,NA,"fbmau","fbmau"
2019,"Germany",NA,NA,NA,NA,NA,NA,"LFS","LFS"
2019,"Germany",NA,NA,NA,NA,NA,NA,"census","Census"
2019,"Germany",NA,NA,NA,NA,NA,NA,"eurostat","Eurostat"
2019,"Germany",258960,NA,NA,NA,NA,NA,"fbdau","fbdau"
2019,"Germany",418651,NA,NA,NA,NA,NA,"fbmau","fbmau"
2019,"Greece",NA,NA,NA,NA,NA,NA,"LFS","LFS"
2019,"Greece",NA,NA,NA,NA,NA,NA,"census","Census"
2019,"Greece",NA,NA,NA,NA,NA,NA,"eurostat","Eurostat"
2019,"Greece",5019,NA,NA,NA,NA,NA,"fbdau","fbdau"
2019,"Greece",22465,NA,NA,NA,NA,NA,"fbmau","fbmau"
2019,"Hungary",NA,NA,NA,NA,NA,NA,"LFS","LFS"
2019,"Hungary",NA,NA,NA,NA,NA,NA,"census","Census"
2019,"Hungary",NA,NA,NA,NA,NA,NA,"eurostat","Eurostat"
2019,"Hungary",156803,NA,NA,NA,NA,NA,"fbdau","fbdau"
2019,"Hungary",231581,NA,NA,NA,NA,NA,"fbmau","fbmau"
2019,"Ireland",NA,NA,NA,NA,NA,NA,"LFS","LFS"
2019,"Ireland",NA,NA,NA,NA,NA,NA,"census","Census"
2019,"Ireland",NA,NA,NA,NA,NA,NA,"eurostat","Eurostat"
2019,"Ireland",94612,NA,NA,NA,NA,NA,"fbdau","fbdau"
2019,"Ireland",248161,NA,NA,NA,NA,NA,"fbmau","fbmau"
2019,"Italy",NA,NA,NA,NA,NA,NA,"LFS","LFS"
2019,"Italy",NA,NA,NA,NA,NA,NA,"census","Census"
2019,"Italy",NA,NA,NA,NA,NA,NA,"eurostat","Eurostat"
2019,"Italy",450610,NA,NA,NA,NA,NA,"fbdau","fbdau"
2019,"Italy",910093,NA,NA,NA,NA,NA,"fbmau","fbmau"
2019,"Latvia",NA,NA,NA,NA,NA,NA,"LFS","LFS"
2019,"Latvia",NA,NA,NA,NA,NA,NA,"census","Census"
2019,"Latvia",NA,NA,NA,NA,NA,NA,"eurostat","Eurostat"
2019,"Latvia",90501,NA,NA,NA,NA,NA,"fbdau","fbdau"
2019,"Latvia",195713,NA,NA,NA,NA,NA,"fbmau","fbmau"
2019,"Lithuania",NA,NA,NA,NA,NA,NA,"LFS","LFS"
2019,"Lithuania",NA,NA,NA,NA,NA,NA,"census","Census"
2019,"Lithuania",NA,NA,NA,NA,NA,NA,"eurostat","Eurostat"
2019,"Lithuania",176917,NA,NA,NA,NA,NA,"fbdau","fbdau"
2019,"Lithuania",213126,NA,NA,NA,NA,NA,"fbmau","fbmau"
2019,"Luxembourg",NA,NA,NA,NA,NA,NA,"LFS","LFS"
2019,"Luxembourg",NA,NA,NA,NA,NA,NA,"census","Census"
2019,"Luxembourg",NA,NA,NA,NA,NA,NA,"eurostat","Eurostat"
2019,"Luxembourg",21891,NA,NA,NA,NA,NA,"fbdau","fbdau"
2019,"Luxembourg",31073,NA,NA,NA,NA,NA,"fbmau","fbmau"
2019,"Malta",NA,NA,NA,NA,NA,NA,"LFS","LFS"
2019,"Malta",NA,NA,NA,NA,NA,NA,"census","Census"
2019,"Malta",NA,NA,NA,NA,NA,NA,"eurostat","Eurostat"
2019,"Malta",15919,NA,NA,NA,NA,NA,"fbdau","fbdau"
2019,"Malta",7824,NA,NA,NA,NA,NA,"fbmau","fbmau"
2019,"Netherlands",NA,NA,NA,NA,NA,NA,"LFS","LFS"
2019,"Netherlands",NA,NA,NA,NA,NA,NA,"census","Census"
2019,"Netherlands",NA,NA,NA,NA,NA,NA,"eurostat","Eurostat"
2019,"Netherlands",107806,NA,NA,NA,NA,NA,"fbdau","fbdau"
2019,"Netherlands",172594,NA,NA,NA,NA,NA,"fbmau","fbmau"
2019,"Poland",NA,NA,NA,NA,NA,NA,"LFS","LFS"
2019,"Poland",NA,NA,NA,NA,NA,NA,"census","Census"
2019,"Poland",NA,NA,NA,NA,NA,NA,"eurostat","Eurostat"
2019,"Poland",830018,NA,NA,NA,NA,NA,"fbdau","fbdau"
2019,"Poland",1216944,NA,NA,NA,NA,NA,"fbmau","fbmau"
2019,"Portugal",NA,NA,NA,NA,NA,NA,"LFS","LFS"
2019,"Portugal",NA,NA,NA,NA,NA,NA,"census","Census"
2019,"Portugal",NA,NA,NA,NA,NA,NA,"eurostat","Eurostat"
2019,"Portugal",431242,NA,NA,NA,NA,NA,"fbdau","fbdau"
2019,"Portugal",572618,NA,NA,NA,NA,NA,"fbmau","fbmau"
2019,"Romania",NA,NA,NA,NA,NA,NA,"LFS","LFS"
2019,"Romania",NA,NA,NA,NA,NA,NA,"census","Census"
2019,"Romania",NA,NA,NA,NA,NA,NA,"eurostat","Eurostat"
2019,"Romania",1321696,NA,NA,NA,NA,NA,"fbdau","fbdau"
2019,"Romania",2037513,NA,NA,NA,NA,NA,"fbmau","fbmau"
2019,"Slovakia",NA,NA,NA,NA,NA,NA,"LFS","LFS"
2019,"Slovakia",NA,NA,NA,NA,NA,NA,"census","Census"
2019,"Slovakia",NA,NA,NA,NA,NA,NA,"eurostat","Eurostat"
2019,"Slovakia",153111,NA,NA,NA,NA,NA,"fbdau","fbdau"
2019,"Slovakia",219476,NA,NA,NA,NA,NA,"fbmau","fbmau"
2019,"Slovenia",NA,NA,NA,NA,NA,NA,"LFS","LFS"
2019,"Slovenia",NA,NA,NA,NA,NA,NA,"census","Census"
2019,"Slovenia",NA,NA,NA,NA,NA,NA,"eurostat","Eurostat"
2019,"Slovenia",24034,NA,NA,NA,NA,NA,"fbdau","fbdau"
2019,"Slovenia",23865,NA,NA,NA,NA,NA,"fbmau","fbmau"
2019,"Spain",NA,NA,NA,NA,NA,NA,"LFS","LFS"
2019,"Spain",NA,NA,NA,NA,NA,NA,"census","Census"
2019,"Spain",NA,NA,NA,NA,NA,NA,"eurostat","Eurostat"
2019,"Spain",242809,NA,NA,NA,NA,NA,"fbdau","fbdau"
2019,"Spain",410240,NA,NA,NA,NA,NA,"fbmau","fbmau"
2019,"Sweden",NA,NA,NA,NA,NA,NA,"LFS","LFS"
2019,"Sweden",NA,NA,NA,NA,NA,NA,"census","Census"
2019,"Sweden",NA,NA,NA,NA,NA,NA,"eurostat","Eurostat"
2019,"Sweden",54051,NA,NA,NA,NA,NA,"fbdau","fbdau"
2019,"Sweden",76071,NA,NA,NA,NA,NA,"fbmau","fbmau"
2019,"UK",NA,NA,NA,NA,NA,NA,"LFS","LFS"
2019,"UK",NA,NA,NA,NA,NA,NA,"census","Census"
2019,"UK",NA,NA,NA,NA,NA,NA,"eurostat","Eurostat"
2019,"UK",294409,NA,NA,NA,NA,NA,"fbdau","fbdau"
2019,"UK",478015,NA,NA,NA,NA,NA,"fbmau","fbmau"
